doc_id,rouge1,rouge2,rougeL,bertscore,n_words,model,arm,bertscore_precision,bertscore_recall,meteor,finish_reason
FCCY-0001141807-21-000005,0.4211382113821138,0.14006514657980457,0.17886178861788618,0.6806267499923706,433,ling-free,C1,0.7213015556335449,0.6442944407463074,0.20519230026404897,stop
FCCY-0001141807-21-000005,0.4356287425149701,0.08545727136431785,0.1616766467065868,0.6547031402587891,547,ling-free,C1t,0.6643462777137756,0.6453360319137573,0.2193287445700292,stop
FCCY-0001141807-21-000005,0.36688311688311687,0.07804878048780488,0.1590909090909091,0.6126714944839478,436,ling-free,C2,0.6438471078872681,0.5843756198883057,0.180922485020432,stop
FCCY-0001141807-21-000005,0.3415559772296015,0.055133079847908745,0.14800759013282733,0.6164645552635193,297,ling-free,C3,0.6578546762466431,0.5799744129180908,0.16653320079531303,stop
FCCY-0001141807-21-000005,0.4312757201646091,0.1549876339653751,0.18106995884773666,0.6798305511474609,439,ling-free,C4,0.7075173258781433,0.6542291641235352,0.23288849874638726,stop
FCCY-0001141807-21-000005,0.3638042474607572,0.12395929694727106,0.16435826408125578,0.7176023125648499,358,ling-free,C5,0.7447410225868225,0.6923719644546509,0.16694069697062203,stop
PEI-0001564590-21-013558,0.3321351545650611,0.05615550755939525,0.12077641984184041,0.6081487536430359,374,ling-free,C1,0.6524448394775391,0.569485068321228,0.13639899314579773,stop
PEI-0001564590-21-013558,0.32145564821834727,0.06681852695520121,0.133434420015163,0.6158510446548462,301,ling-free,C1t,0.6784476637840271,0.5638295412063599,0.11882728653387196,stop
PEI-0001564590-21-013558,0.0903225806451613,0.009233610341643583,0.04608294930875576,0.49442213773727417,86,ling-free,C2,0.6073514819145203,0.41690412163734436,0.03181496818503181,stop
PEI-0001564590-21-013558,0.2615505090054816,0.056470588235294106,0.10493343774471418,0.5767282843589783,258,ling-free,C3,0.6464338302612305,0.5205923318862915,0.10042122111805396,stop
PEI-0001564590-21-013558,0.29411764705882354,0.06356589147286822,0.10216718266253871,0.6127429604530334,280,ling-free,C4,0.6676652431488037,0.5661697387695312,0.11829572892809997,stop
PEI-0001564590-21-013558,0.19730185497470487,0.042229729729729736,0.08431703204047217,0.5536434650421143,185,ling-free,C5,0.6260885000228882,0.4962249994277954,0.07657814901720972,stop
FTK-0000928054-21-000044,0.4974271012006861,0.1907216494845361,0.1955403087478559,0.6992992758750916,417,ling-free,C1,0.7399771213531494,0.6628606915473938,0.23752672699797123,stop
FTK-0000928054-21-000044,0.5114155251141551,0.15548780487804878,0.19482496194824964,0.6980082988739014,558,ling-free,C1t,0.7090939283370972,0.6872640252113342,0.2691561977814574,stop
FTK-0000928054-21-000044,0.500418410041841,0.18776194467728416,0.2175732217573222,0.6681703925132751,466,ling-free,C2,0.6931398510932922,0.64493727684021,0.24920850207858367,stop
FTK-0000928054-21-000044,0.24203821656050956,0.04893617021276596,0.12526539278131635,0.5191308856010437,224,ling-free,C3,0.5748355984687805,0.47326865792274475,0.09501863465595589,stop
FTK-0000928054-21-000044,0.5236686390532543,0.1733333333333333,0.1997041420118343,0.6552881598472595,611,ling-free,C4,0.6670916080474854,0.643895149230957,0.2644990249998218,stop
FTK-0000928054-21-000044,0.28624535315985133,0.03910614525139665,0.12825278810408922,0.5073263049125671,360,ling-free,C5,0.5451943278312683,0.47437718510627747,0.12076093301697036,stop
SOI-0001697500-21-000019,0.3806451612903226,0.16478190630048467,0.1870967741935484,0.6807917356491089,282,ling-free,C1,0.7552624344825745,0.6196889281272888,0.14405393846787126,stop
SOI-0001697500-21-000019,0.23964757709251103,0.06531332744924978,0.11277533039647576,0.6054537892341614,197,ling-free,C1t,0.6545110940933228,0.5632376670837402,0.09231733676751747,stop
SOI-0001697500-21-000019,0.4212055192447349,0.14254545454545456,0.16848220769789396,0.6740819215774536,418,ling-free,C2,0.7252993583679199,0.6296209096908569,0.1785781309578153,stop
SOI-0001697500-21-000019,0.3691813804173355,0.1414790996784566,0.17174959871589085,0.6768819689750671,294,ling-free,C3,0.742117166519165,0.6221889853477478,0.15409246756208345,stop
SOI-0001697500-21-000019,0.36896278701504354,0.14115781126090404,0.1536025336500396,0.6715155839920044,310,ling-free,C4,0.7308303117752075,0.6211060881614685,0.1612695258404128,stop
SOI-0001697500-21-000019,0.44924406047516197,0.1773612112472963,0.19870410367170627,0.6960453391075134,421,ling-free,C5,0.7415122389793396,0.655832052230835,0.20609036750699344,stop
ORGO-0001193125-21-082849,0.4784098697738176,0.2045298558682224,0.2330363262508567,0.7087872624397278,408,ling-free,C1,0.7412292957305908,0.6790659427642822,0.18691217579221941,stop
ORGO-0001193125-21-082849,0.19738988580750408,0.047385620915032685,0.09951060358890701,0.5685619115829468,218,ling-free,C1t,0.5765476226806641,0.5607943534851074,0.078414419175418,stop
ORGO-0001193125-21-082849,0.38478747203579416,0.09708737864077671,0.17747949291573453,0.6500692963600159,301,ling-free,C2,0.7142505645751953,0.5964714884757996,0.1317643850071923,stop
ORGO-0001193125-21-082849,0.39132484677039137,0.13308164228409627,0.1885902876001886,0.6838911175727844,966,ling-free,C3,0.7179116606712341,0.6529489755630493,0.2023903669439028,stop
ORGO-0001193125-21-082849,0.5176470588235293,0.1859888406695598,0.23529411764705882,0.6924412846565247,559,ling-free,C4,0.721370279788971,0.6657431125640869,0.23098906081656073,stop
ORGO-0001193125-21-082849,0.4403261675315048,0.21974758723088345,0.23721275018532245,0.7151590585708618,322,ling-free,C5,0.7770260572433472,0.6624172925949097,0.18839331750279723,stop
WELL-0001564590-21-015812,0.4164179104477612,0.18535127055306427,0.2044776119402985,0.7156304717063904,297,ling-free,C1,0.7706689834594727,0.6679292917251587,0.16153310033149962,stop
WELL-0001564590-21-015812,0.3412698412698413,0.07417218543046357,0.1507936507936508,0.6458746790885925,481,ling-free,C1t,0.6694762706756592,0.6238805055618286,0.1466012670441272,stop
WELL-0001564590-21-015812,0.45291479820627806,0.1503928170594837,0.2085201793721973,0.6895000338554382,706,ling-free,C2,0.6958864331245422,0.6832297444343567,0.21038734941644535,stop
WELL-0001564590-21-015812,0.3807439824945295,0.15924032140248356,0.2013129102844639,0.6738688349723816,337,ling-free,C3,0.7258650064468384,0.6288240551948547,0.1528404279671298,stop
WELL-0001564590-21-015812,0.4422745548535325,0.1506612995974698,0.18495117748420448,0.6605530381202698,688,ling-free,C4,0.659672200679779,0.6614363193511963,0.20876348753917537,stop
WELL-0001564590-21-015812,0.3330689928628073,0.15726767275615566,0.19191118160190326,0.6829767227172852,232,ling-free,C5,0.7454591393470764,0.6301584243774414,0.13196140206890972,stop
AMAL-0001823608-21-000010,0.29954614220877457,0.0787878787878788,0.1285930408472012,0.6305531859397888,276,ling-free,C1,0.7150782942771912,0.5638982057571411,0.11842005208333332,stop
AMAL-0001823608-21-000010,0.08844765342960288,0.01446654611211573,0.055956678700361015,0.5077194571495056,79,ling-free,C1t,0.6108031272888184,0.4344058632850647,0.029958058717795086,stop
AMAL-0001823608-21-000010,0.3429724277067922,0.065993265993266,0.13180901143241425,0.6700780391693115,430,ling-free,C2,0.7271268963813782,0.6213297843933105,0.14106444277453936,stop
AMAL-0001823608-21-000010,0.3035190615835777,0.04992657856093979,0.11876832844574778,0.5966919660568237,324,ling-free,C3,0.6439129710197449,0.5559237003326416,0.12663809750347604,stop
AMAL-0001823608-21-000010,0.3125378558449424,0.06791995148574893,0.12598425196850394,0.6070738434791565,549,ling-free,C4,0.6679934859275818,0.5563370585441589,0.15275069513946937,stop
AMAL-0001823608-21-000010,0.33288409703504046,0.06612685560053981,0.14690026954177898,0.6576086282730103,414,ling-free,C5,0.7386295795440674,0.5926052331924438,0.14337353269188352,stop
CCO-0001271833-21-000004,0.25816023738872407,0.05349182763744429,0.11572700296735905,0.6233468055725098,296,ling-free,C1,0.7113794088363647,0.5547028183937073,0.1077338222374576,stop
CCO-0001271833-21-000004,0.23100775193798448,0.04813664596273292,0.09922480620155039,0.5997219085693359,254,ling-free,C1t,0.666888952255249,0.5448466539382935,0.09650092567580047,stop
CCO-0001271833-21-000004,0.361128526645768,0.05775266792215945,0.13166144200626956,0.6132097244262695,509,ling-free,C2,0.6700958013534546,0.5652263760566711,0.15982380992323653,stop
CCO-0001271833-21-000004,0.28901098901098904,0.036303630363036306,0.12527472527472527,0.6053822636604309,702,ling-free,C3,0.666999340057373,0.5541867017745972,0.1449230312780675,stop
CCO-0001271833-21-000004,0.15358931552587646,0.03344481605351171,0.08347245409015026,0.5022193789482117,168,ling-free,C4,0.5784522294998169,0.4437398314476013,0.0628273989189406,stop
CCO-0001271833-21-000004,0.2053291536050157,0.03296703296703297,0.10188087774294671,0.5363019108772278,242,ling-free,C5,0.5869266986846924,0.49371686577796936,0.08249852681202122,stop
MERC-0001564590-20-004625,0.4293785310734463,0.19660537482319662,0.17796610169491525,0.6941365003585815,368,ling-free,C1,0.7501165866851807,0.645931601524353,0.1671318843645853,stop
MERC-0001564590-20-004625,0.31500742942050514,0.08928571428571429,0.12927191679049033,0.6397697925567627,324,ling-free,C1t,0.6690025329589844,0.6129847168922424,0.11049611066391987,stop
MERC-0001564590-20-004625,0.3982621288921072,0.1464829586656998,0.16799420709630702,0.6814740896224976,335,ling-free,C2,0.7663851976394653,0.6135015487670898,0.1349984415690111,stop
MERC-0001564590-20-004625,0.27740863787375414,0.11480865224625625,0.14451827242524917,0.6523774266242981,183,ling-free,C3,0.740557074546814,0.5829628705978394,0.08714837864387326,stop
MERC-0001564590-20-004625,0.367624810892587,0.15303030303030302,0.1664145234493192,0.6660403609275818,288,ling-free,C4,0.7373373508453369,0.6073157787322998,0.12171027718928767,stop
MERC-0001564590-20-004625,0.4538407329105003,0.19336626676076218,0.20014094432699087,0.6836572885513306,385,ling-free,C5,0.756284773349762,0.6237566471099854,0.1707587836444327,stop
KIRK-0001564590-21-015837,0.30573248407643316,0.12340425531914893,0.1337579617834395,0.646930992603302,178,ling-free,C1,0.7306807041168213,0.5804056525230408,0.11037279766002708,stop
KIRK-0001564590-21-015837,0.0796139927623643,0.012091898428053204,0.045838359469240045,0.4661470353603363,82,ling-free,C1t,0.5571416020393372,0.40070265531539917,0.04317078324567994,stop
KIRK-0001564590-21-015837,0.39443961772371855,0.08181026979982595,0.17549956559513466,0.6637508869171143,378,ling-free,C2,0.7339223623275757,0.6058268547058105,0.16176208615825366,stop
KIRK-0001564590-21-015837,0.3378640776699029,0.07198443579766536,0.13009708737864079,0.6508188843727112,260,ling-free,C3,0.717861533164978,0.5952291488647461,0.1344329808044396,stop
KIRK-0001564590-21-015837,0.3372781065088758,0.07312252964426877,0.15779092702169623,0.6509849429130554,248,ling-free,C4,0.7381493449211121,0.5822320580482483,0.14129709482484634,stop
KIRK-0001564590-21-015837,0.36881810561609385,0.08228379513014275,0.17099748533109807,0.653098464012146,396,ling-free,C5,0.7244137525558472,0.5945661067962646,0.15796334819217434,stop
AGYS-0001564590-20-026737,0.32867707477403446,0.10041152263374485,0.13968775677896467,0.6416940093040466,260,ling-free,C1,0.7381317615509033,0.5675437450408936,0.11054080905531852,stop
AGYS-0001564590-20-026737,0.06786427145708583,0.011999999999999999,0.03992015968063872,0.47528648376464844,69,ling-free,C1t,0.587762713432312,0.39894333481788635,0.023543583004818222,stop
AGYS-0001564590-20-026737,0.29007633587786263,0.03335649756775538,0.1221374045801527,0.5793445110321045,424,ling-free,C2,0.6180201172828674,0.5452244281768799,0.1164440112647873,stop
AGYS-0001564590-20-026737,0.22048611111111108,0.03478260869565217,0.0954861111111111,0.6090380549430847,206,ling-free,C3,0.6746183037757874,0.5550782680511475,0.08437742864739615,stop
AGYS-0001564590-20-026737,0.27675931401537557,0.046181172291296625,0.12300413956238912,0.5940918326377869,613,ling-free,C4,0.6261604428291321,0.5651479959487915,0.13621388486776478,stop
AGYS-0001564590-20-026737,0.24648469809760132,0.041425020712510356,0.1141439205955335,0.6023149490356445,258,ling-free,C5,0.6509305238723755,0.5604565143585205,0.09464539325444424,stop
GRSVW-0001564590-21-009507,0.42027027027027025,0.13802435723951287,0.14054054054054055,0.6760263442993164,404,ling-free,C1,0.7042409181594849,0.6499854326248169,0.18258809769591022,stop
GRSVW-0001564590-21-009507,0.41801075268817206,0.13862718707940783,0.14112903225806453,0.643548309803009,417,ling-free,C1t,0.6822679042816162,0.6089874505996704,0.188195982239591,stop
GRSVW-0001564590-21-009507,0.08579088471849866,0.026857654431512983,0.050044682752457555,0.49886706471443176,81,ling-free,C2,0.5992639064788818,0.42728281021118164,0.03432239646888109,stop
GRSVW-0001564590-21-009507,0.06840684068406841,0.01442741208295762,0.045004500450045004,0.48061633110046387,71,ling-free,C3,0.5827492475509644,0.4089444875717163,0.03050669759362222,stop
GRSVW-0001564590-21-009507,0.24474474474474475,0.0481203007518797,0.11411411411411412,0.5782236456871033,266,ling-free,C4,0.6354406476020813,0.5304594039916992,0.11070688471708243,stop
GRSVW-0001564590-21-009507,0.3335771762984638,0.12014652014652014,0.1433796634967081,0.6624433994293213,303,ling-free,C5,0.7147175073623657,0.6172947287559509,0.14031188173396233,stop
CIA-0000024090-21-000012,0.33571428571428574,0.09123434704830054,0.13749999999999998,0.5968186855316162,263,ling-free,C1,0.6804385185241699,0.531501829624176,0.13364900220110507,stop
CIA-0000024090-21-000012,0.4095238095238095,0.11605723370429252,0.1523809523809524,0.6340529918670654,400,ling-free,C1t,0.7034731507301331,0.5771032571792603,0.1824480614073375,stop
CIA-0000024090-21-000012,0.4543637574950033,0.11741160773849232,0.16255829447035308,0.6592846512794495,620,ling-free,C2,0.7094374895095825,0.6157546043395996,0.23286526847668146,stop
CIA-0000024090-21-000012,0.3813559322033898,0.1069609507640068,0.13728813559322034,0.6207280158996582,312,ling-free,C3,0.6906824111938477,0.563640832901001,0.1660112885605746,stop
CIA-0000024090-21-000012,0.40520984081041966,0.11739130434782609,0.16063675832127353,0.6343788504600525,489,ling-free,C4,0.7238847017288208,0.5645714998245239,0.19862586308489577,stop
CIA-0000024090-21-000012,0.2027168234064786,0.06492146596858639,0.09822361546499477,0.5905584692955017,120,ling-free,C5,0.7106673121452332,0.5051789283752441,0.08132690738405654,stop
ALTO-0001213900-21-017995,0.39146991622239147,0.17391304347826086,0.19954303122619954,0.6510329842567444,332,ling-free,C1,0.7506968975067139,0.574730634689331,0.16056184328380546,stop
ALTO-0001213900-21-017995,0.3482889733840304,0.1249047981721249,0.15513307984790875,0.6355683207511902,361,ling-free,C1t,0.6874434351921082,0.5909729599952698,0.138169127293212,stop
ALTO-0001213900-21-017995,0.3325301204819277,0.1255028157683025,0.13333333333333333,0.6240967512130737,269,ling-free,C2,0.7426737546920776,0.5381711721420288,0.13499908151867424,stop
ALTO-0001213900-21-017995,0.3697604790419161,0.13343328335832083,0.15419161676646706,0.6279484629631042,364,ling-free,C3,0.7206219434738159,0.5563949346542358,0.16279241951835643,stop
ALTO-0001213900-21-017995,0.34988540870893814,0.1315990818668707,0.14514896867838045,0.628485381603241,330,ling-free,C4,0.7198276519775391,0.5577144026756287,0.14927549626426218,stop
ALTO-0001213900-21-017995,0.35446685878962536,0.12987012987012989,0.16282420749279541,0.6272374987602234,402,ling-free,C5,0.7255715131759644,0.5523760318756104,0.15377686797808443,stop
CPB-0000016732-19-000070,0.26198083067092653,0.061899679829242264,0.14270500532481364,0.6155452132225037,203,ling-free,C1,0.6871641874313354,0.5574460029602051,0.09628635402383187,stop
CPB-0000016732-19-000070,0.27921406411582217,0.07461139896373056,0.11995863495346433,0.5914412140846252,246,ling-free,C1t,0.6426721215248108,0.547775149345398,0.11599276632890755,stop
CPB-0000016732-19-000070,0.3369397217928903,0.05572755417956656,0.17465224111282845,0.6156427264213562,552,ling-free,C2,0.6829074621200562,0.5604406595230103,0.17299180262406846,stop
CPB-0000016732-19-000070,0.06598984771573604,0.002544529262086514,0.043147208121827416,0.4150037169456482,76,ling-free,C3,0.4794124364852905,0.36585181951522827,0.02698967494549173,stop
CPB-0000016732-19-000070,0.1674107142857143,0.015659955257270694,0.09598214285714285,0.508238673210144,179,ling-free,C4,0.5739877223968506,0.45600438117980957,0.06878650227125242,stop
CPB-0000016732-19-000070,0.3138564273789649,0.051839464882943144,0.1636060100166945,0.580662190914154,456,ling-free,C5,0.6267017126083374,0.5409241914749146,0.14938915704857936,stop
MTOR-0001113256-20-000123,0.43785632839224625,0.13698630136986303,0.16875712656784495,0.6858429908752441,738,ling-free,C1,0.74225914478302,0.6373969316482544,0.22753756507760753,stop
MTOR-0001113256-20-000123,0.4049586776859504,0.13517241379310346,0.16666666666666669,0.6498444676399231,456,ling-free,C1t,0.7042467594146729,0.603244423866272,0.18204844882908278,stop
MTOR-0001113256-20-000123,0.29027576197387517,0.0436046511627907,0.14223512336719882,0.5981739163398743,380,ling-free,C2,0.7072155475616455,0.5182654857635498,0.11060423218196581,stop
MTOR-0001113256-20-000123,0.32872503840245776,0.07230769230769231,0.13517665130568357,0.596956193447113,307,ling-free,C3,0.6956812143325806,0.5227693319320679,0.12772403127752624,stop
MTOR-0001113256-20-000123,0.34216502649507946,0.07884761182714177,0.14080242240726723,0.6095520853996277,328,ling-free,C4,0.7083135843276978,0.534961462020874,0.13001616925360984,stop
MTOR-0001113256-20-000123,0.3254067584480601,0.07518796992481203,0.16896120150187735,0.6197553277015686,598,ling-free,C5,0.7511972188949585,0.5274618864059448,0.14831266984451386,stop
LZB-0001047469-19-003700,0.3583892617449665,0.08736559139784945,0.138255033557047,0.645613431930542,448,ling-free,C1,0.6836878061294556,0.6115561127662659,0.14391295984501565,stop
LZB-0001047469-19-003700,0.2189542483660131,0.07364975450081832,0.10457516339869281,0.6169454455375671,198,ling-free,C1t,0.675489604473114,0.5677398443222046,0.07809005844024883,stop
LZB-0001047469-19-003700,0.2937595129375951,0.08536585365853658,0.12024353120243529,0.6303199529647827,277,ling-free,C2,0.6884946823120117,0.5812102556228638,0.10471790918768703,stop
LZB-0001047469-19-003700,0.06517690875232776,0.016791044776119403,0.037243947858473,0.4727761447429657,58,ling-free,C3,0.5859766602516174,0.39623117446899414,0.024087350331906447,stop
LZB-0001047469-19-003700,0.225,0.05477308294209703,0.0984375,0.5915016531944275,225,ling-free,C4,0.637208104133606,0.5519133806228638,0.07813696743087671,stop
LZB-0001047469-19-003700,0.38445807770961143,0.10648464163822526,0.14996591683708246,0.6684891581535339,428,ling-free,C5,0.7078510522842407,0.6332743167877197,0.15574624917241436,stop
ATR-0000896622-21-000005,0.3318042813455657,0.0673813169984686,0.12691131498470948,0.6736534237861633,411,ling-free,C1,0.6857240200042725,0.6620004177093506,0.14972972322318734,stop
ATR-0000896622-21-000005,0.3355408388520971,0.06632277081798084,0.13245033112582782,0.6325106024742126,407,ling-free,C1t,0.6485582590103149,0.61723792552948,0.14994133716267713,stop
ATR-0000896622-21-000005,0.3105691056910569,0.07003257328990228,0.1154471544715447,0.6395483613014221,280,ling-free,C2,0.6788283586502075,0.6045655012130737,0.12012159961110046,stop
ATR-0000896622-21-000005,0.3177419354838709,0.08239095315024234,0.12419354838709676,0.6485949754714966,290,ling-free,C3,0.6844907999038696,0.6162764430046082,0.12931633274040302,stop
ATR-0000896622-21-000005,0.4444444444444445,0.11506849315068493,0.16529830322933772,0.6975216865539551,827,ling-free,C4,0.723354697227478,0.673470139503479,0.24942647654827763,stop
ATR-0000896622-21-000005,0.3370253164556962,0.08874801901743265,0.13449367088607594,0.6478481292724609,314,ling-free,C5,0.6859675645828247,0.6137423515319824,0.13829924222319132,stop
GOEVW-0001558370-21-003823,0.4519621109607577,0.16666666666666666,0.21109607577807848,0.6838831901550293,536,ling-free,C1,0.724223256111145,0.6478000283241272,0.21449586624072384,stop
GOEVW-0001558370-21-003823,0.2711267605633803,0.07583774250440917,0.13380281690140847,0.6195148825645447,232,ling-free,C1t,0.6617246270179749,0.5823671221733093,0.11084927635281461,stop
GOEVW-0001558370-21-003823,0.35084882780921584,0.09392712550607286,0.15198059822150362,0.6409136652946472,313,ling-free,C2,0.7097868919372559,0.5842242240905762,0.1520071737905036,stop
GOEVW-0001558370-21-003823,0.3501199040767386,0.09607686148919135,0.1630695443645084,0.6128745079040527,331,ling-free,C3,0.6635183095932007,0.569413423538208,0.14650812747851946,stop
GOEVW-0001558370-21-003823,0.2867132867132867,0.08056042031523643,0.13986013986013984,0.6823469400405884,270,ling-free,C4,0.7415642738342285,0.6318878531455994,0.12714043713756734,stop
GOEVW-0001558370-21-003823,0.1444332998996991,0.04020100502512563,0.07422266800401203,0.5758296847343445,96,ling-free,C5,0.659607470035553,0.5109350085258484,0.05245014870487235,stop
UMBF-0001564590-19-005761,0.35934664246823955,0.09818181818181819,0.14700544464609802,0.637015163898468,367,ling-free,C1,0.7021150588989258,0.5829629898071289,0.16359570102741147,stop
UMBF-0001564590-19-005761,0.2876557191392978,0.13166855845629966,0.12231030577576443,0.6180973649024963,176,ling-free,C1t,0.7016420364379883,0.5523312091827393,0.12082728030855608,stop
UMBF-0001564590-19-005761,0.2695570216776626,0.039660056657223795,0.10744580584354384,0.5813603401184082,322,ling-free,C2,0.6510658264160156,0.5251373648643494,0.11955042922928796,stop
UMBF-0001564590-19-005761,0.19966159052453467,0.022033898305084742,0.10321489001692048,0.552609920501709,433,ling-free,C3,0.6600214242935181,0.4752655625343323,0.098900921403239,stop
UMBF-0001564590-19-005761,0.13592233009708737,0.0121654501216545,0.07038834951456312,0.48583343625068665,128,ling-free,C4,0.5590847730636597,0.429553359746933,0.06158527749601506,stop
UMBF-0001564590-19-005761,0.18685121107266436,0.02312138728323699,0.08535178777393311,0.5513903498649597,159,ling-free,C5,0.6364262104034424,0.48640012741088867,0.07269715381746837,stop
UIHC-0001401521-21-000013,0.38794726930320145,0.07039597737272156,0.14438166980539863,0.6550410389900208,620,ling-free,C1,0.7056939005851746,0.6111725568771362,0.2049395269741343,stop
UIHC-0001401521-21-000013,0.4437869822485207,0.07819905213270141,0.1514792899408284,0.6349942088127136,742,ling-free,C1t,0.6666778922080994,0.6061854958534241,0.23179223574594426,stop
UIHC-0001401521-21-000013,0.3517786561264822,0.06728232189973614,0.14229249011857706,0.6245549917221069,565,ling-free,C2,0.6950840353965759,0.5670202970504761,0.16781527623400433,stop
UIHC-0001401521-21-000013,0.2861788617886179,0.04560260586319218,0.12032520325203253,0.5924770832061768,317,ling-free,C3,0.6766108870506287,0.5269527435302734,0.12280935714505317,stop
UIHC-0001401521-21-000013,0.25237683664649957,0.025974025974025976,0.11063094209161624,0.5733266472816467,250,ling-free,C4,0.6586257219314575,0.5075885057449341,0.09510567296996661,stop
UIHC-0001401521-21-000013,0.31158864159631616,0.05073020753266718,0.13200306983883345,0.6049070358276367,386,ling-free,C5,0.6751457452774048,0.5479058027267456,0.14281475757884898,stop
ARYA-0001213900-19-004781,0.5123456790123456,0.20642768850432636,0.21358024691358027,0.7448772192001343,1066,ling-free,C1,0.7237190008163452,0.767309844493866,0.3821825130918769,stop
ARYA-0001213900-19-004781,0.5429936305732485,0.18819776714513556,0.21019108280254775,0.7349088191986084,693,ling-free,C1t,0.735496997833252,0.7343215942382812,0.3478691439458053,stop
ARYA-0001213900-19-004781,0.44827586206896547,0.11708253358925144,0.1781609195402299,0.5980051159858704,397,ling-free,C2,0.624508261680603,0.5736598968505859,0.23422890532199847,stop
ARYA-0001213900-19-004781,0.45105566218809984,0.13076923076923078,0.17658349328214973,0.6013935208320618,397,ling-free,C3,0.632408618927002,0.5732784271240234,0.22618708158295922,stop
ARYA-0001213900-19-004781,0.13387978142076504,0.021917808219178082,0.06284153005464481,0.46319735050201416,96,ling-free,C4,0.5568451881408691,0.3965134024620056,0.0611329290561426,stop
ARYA-0001213900-19-004781,0.49100719424460426,0.1981981981981982,0.22122302158273383,0.7297320365905762,530,ling-free,C5,0.7546755075454712,0.7063847184181213,0.29808220540916114,stop
THM-0001104659-20-030970,0.36170212765957444,0.10776942355889725,0.15143929912390486,0.6629312634468079,513,ling-free,C1,0.7319284081459045,0.605821967124939,0.18476990622283176,stop
THM-0001104659-20-030970,0.22730739893211288,0.07333842627960276,0.12509534706331046,0.6302732825279236,248,ling-free,C1t,0.7380534410476685,0.5499607920646667,0.0999781931281246,stop
THM-0001104659-20-030970,0.2961309523809524,0.11773472429210134,0.1681547619047619,0.6588678359985352,294,ling-free,C2,0.7555615901947021,0.5841151475906372,0.13616774203284232,stop
THM-0001104659-20-030970,0.25796178343949044,0.08771929824561403,0.1321656050955414,0.6080102920532227,215,ling-free,C3,0.6968039274215698,0.5392887592315674,0.10381804003434808,stop
THM-0001104659-20-030970,0.28355957767722473,0.09667673716012085,0.12669683257918551,0.6179879903793335,275,ling-free,C4,0.7064895629882812,0.5491911172866821,0.13107485454834494,stop
THM-0001104659-20-030970,0.25561580170410536,0.08533747090768037,0.12393493415956623,0.6154130697250366,240,ling-free,C5,0.7059206366539001,0.5454763174057007,0.11524553555625572,stop
TITN-0001409171-20-000015,0.38228055783429044,0.1068200493015612,0.15258408531583267,0.6478303670883179,342,ling-free,C1,0.720009982585907,0.5888038873672485,0.17268222506393863,stop
TITN-0001409171-20-000015,0.3092592592592593,0.09276437847866419,0.1388888888888889,0.6338472366333008,233,ling-free,C1t,0.682142436504364,0.5919383764266968,0.11725534431232836,stop
TITN-0001409171-20-000015,0.2849264705882353,0.034990791896869246,0.125,0.5898969769477844,230,ling-free,C2,0.6827794909477234,0.5192590951919556,0.10676388413934731,stop
TITN-0001409171-20-000015,0.14880952380952384,0.021868787276341946,0.07539682539682539,0.49524185061454773,162,ling-free,C3,0.5545406937599182,0.4473998546600342,0.054918815663801336,stop
TITN-0001409171-20-000015,0.26377597109304424,0.025339366515837104,0.11382113821138212,0.5737775564193726,245,ling-free,C4,0.6704800128936768,0.5014535188674927,0.10342857873880515,stop
TITN-0001409171-20-000015,0.10348468848996832,0.01693121693121693,0.06335797254487856,0.47731027007102966,104,ling-free,C5,0.5525113940238953,0.42012763023376465,0.040779728637452405,stop
APOG-0000006845-21-000010,0.42845973416731825,0.1581832419733751,0.17044566067240033,0.6723742485046387,396,ling-free,C1,0.7490096688270569,0.6099652647972107,0.17877182053580862,stop
APOG-0000006845-21-000010,0.18163869693978282,0.02967359050445104,0.06910167818361303,0.5639910697937012,161,ling-free,C1t,0.6308721303939819,0.5099313259124756,0.061117105887939234,stop
APOG-0000006845-21-000010,0.33454018826937004,0.08411892675852066,0.12599565532223025,0.6407906413078308,455,ling-free,C2,0.6933019161224365,0.5956737995147705,0.15751308032062264,stop
APOG-0000006845-21-000010,0.31168831168831174,0.08875286916602908,0.12223071046600459,0.6333448886871338,395,ling-free,C3,0.7037028074264526,0.5757773518562317,0.1515886241011514,stop
APOG-0000006845-21-000010,0.3358649789029536,0.10312764158918006,0.14177215189873418,0.6175405979156494,286,ling-free,C4,0.7275317907333374,0.5364395380020142,0.14630073966167523,stop
APOG-0000006845-21-000010,0.3870541611624835,0.10317460317460318,0.13870541611624834,0.6464767456054688,586,ling-free,C5,0.691011905670166,0.6073344349861145,0.20865988426542062,stop
IOSP-0001193125-21-046094,0.38086124401913873,0.10546500479386384,0.16842105263157894,0.6528666019439697,290,ling-free,C1,0.7098817229270935,0.604328989982605,0.16228792719108692,stop
IOSP-0001193125-21-046094,0.25106382978723407,0.06396588486140725,0.10638297872340426,0.579687237739563,206,ling-free,C1t,0.628196656703949,0.5381326079368591,0.0964248334899568,stop
IOSP-0001193125-21-046094,0.326241134751773,0.07309644670050762,0.12360688956433637,0.6182805299758911,229,ling-free,C2,0.7172895669937134,0.5432891249656677,0.11883497375527909,stop
IOSP-0001193125-21-046094,0.4619516562220233,0.15426008968609864,0.17726051924798567,0.675574779510498,370,ling-free,C3,0.753957986831665,0.6119545698165894,0.22776961120926956,stop
IOSP-0001193125-21-046094,0.28465116279069763,0.04100652376514445,0.12651162790697673,0.5323903560638428,325,ling-free,C4,0.5616088509559631,0.5060617923736572,0.12371925492531227,stop
IOSP-0001193125-21-046094,0.44931921331316194,0.12424242424242424,0.1815431164901664,0.6577266454696655,549,ling-free,C5,0.7338802814483643,0.5958918333053589,0.2058084480385627,stop
TRMK-0001564590-21-006673,0.4192926045016077,0.12620734063103672,0.15176848874598073,0.6636492609977722,524,ling-free,C1,0.7121492624282837,0.6213341355323792,0.2018337378876203,stop
TRMK-0001564590-21-006673,0.17615658362989325,0.06238859180035652,0.1085409252669039,0.6141205430030823,127,ling-free,C1t,0.7002509236335754,0.5468573570251465,0.07154402414944924,stop
TRMK-0001564590-21-006673,0.2757417102966841,0.034944670937682006,0.12449098312972656,0.6153998374938965,631,ling-free,C2,0.6983781456947327,0.5500457882881165,0.14244089503909796,stop
TRMK-0001564590-21-006673,0.2746844840386043,0.04907063197026022,0.12769116555308094,0.6015547513961792,339,ling-free,C3,0.7104915976524353,0.5215826034545898,0.12448644439756372,stop
TRMK-0001564590-21-006673,0.2812680115273775,0.04616272360069244,0.13256484149855907,0.6141316294670105,663,ling-free,C4,0.6839399337768555,0.5572539567947388,0.15868795590288978,stop
TRMK-0001564590-21-006673,0.2757527733755943,0.05555555555555556,0.12202852614896989,0.6136915683746338,260,ling-free,C5,0.710414707660675,0.5401500463485718,0.0991283333562235,stop
CDXS-0001200375-21-000021,0.47029288702928873,0.22967309304274938,0.2410041841004184,0.7018415331840515,317,ling-free,C1,0.7567116618156433,0.654390811920166,0.1941314663956826,stop
CDXS-0001200375-21-000021,0.1312169312169312,0.02332979851537646,0.07407407407407407,0.4849277138710022,103,ling-free,C1t,0.5683972835540771,0.422834187746048,0.047635331811405626,stop
CDXS-0001200375-21-000021,0.4042553191489362,0.16557377049180327,0.21276595744680848,0.6891764402389526,349,ling-free,C2,0.7460757493972778,0.64034104347229,0.1520548913963427,stop
CDXS-0001200375-21-000021,0.4598853868194842,0.17216642754662842,0.22206303724928367,0.700026273727417,509,ling-free,C3,0.7669967412948608,0.6438116431236267,0.20608561378782875,stop
CDXS-0001200375-21-000021,0.39420756234915527,0.1708299758259468,0.22043443282381336,0.6875496506690979,354,ling-free,C4,0.7355679273605347,0.6454164385795593,0.1796480153357506,stop
CDXS-0001200375-21-000021,0.3404651162790698,0.1509785647716682,0.212093023255814,0.6690070629119873,218,ling-free,C5,0.7414190769195557,0.6094809174537659,0.13340835235465,stop
CFB-0001458412-21-000008,0.27765726681127983,0.06227371469949312,0.11713665943600868,0.5822082757949829,395,ling-free,C1,0.625920295715332,0.5442031621932983,0.12404081845103526,stop
CFB-0001458412-21-000008,0.15827338129496402,0.027027027027027025,0.07553956834532374,0.5496519207954407,153,ling-free,C1t,0.6327862739562988,0.4858250617980957,0.07662863206451873,stop
CFB-0001458412-21-000008,0.26706676669167295,0.03305785123966942,0.1035258814703676,0.5627938508987427,342,ling-free,C2,0.6336668133735657,0.5061797499656677,0.10726072607260724,stop
CFB-0001458412-21-000008,0.14532243415077203,0.012738853503184712,0.06902815622161672,0.5121545195579529,143,ling-free,C3,0.5930275917053223,0.45069217681884766,0.056886996456468095,stop
CFB-0001458412-21-000008,0.1940559440559441,0.03327495621716287,0.09090909090909091,0.5426038503646851,187,ling-free,C4,0.632496178150177,0.47508350014686584,0.0868037564377687,stop
CFB-0001458412-21-000008,0.20338983050847456,0.029102667744543252,0.09362389023405973,0.5438986420631409,255,ling-free,C5,0.626076340675354,0.48079079389572144,0.07737528584290676,stop
LPLA-0001397911-14-000038,0.4144927536231884,0.18432510885341075,0.23043478260869565,0.6888253092765808,343,ling-free,C1,0.7743780612945557,0.620295524597168,0.14554805817963712,stop
LPLA-0001397911-14-000038,0.0623229461756374,0.013245033112582781,0.047214353163361665,0.4486122131347656,64,ling-free,C1t,0.5612579584121704,0.37362486124038696,0.024477070361293318,stop
LPLA-0001397911-14-000038,0.13028169014084506,0.03527336860670194,0.07394366197183098,0.5618719458580017,137,ling-free,C2,0.6127205491065979,0.5188162922859192,0.04964318957493019,stop
LPLA-0001397911-14-000038,0.1534569983136594,0.037162162162162164,0.07757166947723439,0.5140376687049866,188,ling-free,C3,0.5788496732711792,0.4622778594493866,0.060148056755089455,stop
LPLA-0001397911-14-000038,0.14457831325301204,0.039655172413793106,0.08089500860585197,0.5006598234176636,162,ling-free,C4,0.5790873765945435,0.4409417510032654,0.05618840214130738,stop
LPLA-0001397911-14-000038,0.22570532915360506,0.06436420722135008,0.10344827586206896,0.5818281769752502,273,ling-free,C5,0.6181116700172424,0.5495681762695312,0.09508796908369775,stop
VNT-0001786842-21-000013,0.30100853374709075,0.035742035742035744,0.1365399534522886,0.5873575806617737,393,ling-free,C1,0.6659042835235596,0.5253857970237732,0.11943416128361845,stop
VNT-0001786842-21-000013,0.33083956774729845,0.05661948376353038,0.11138819617622611,0.5972048044204712,343,ling-free,C1t,0.6381558179855347,0.561192512512207,0.14701738022929697,stop
VNT-0001786842-21-000013,0.38414634146341464,0.0748091603053435,0.1509146341463415,0.6156047582626343,419,ling-free,C2,0.6768862009048462,0.5644983053207397,0.16127004376403276,stop
VNT-0001786842-21-000013,0.302536231884058,0.06896551724137931,0.11231884057971014,0.5879344344139099,251,ling-free,C3,0.6519063711166382,0.5353957414627075,0.12067818807167927,stop
VNT-0001786842-21-000013,0.32972522897585343,0.05004170141784821,0.12989175686927562,0.5878546833992004,324,ling-free,C4,0.6651254892349243,0.5266690850257874,0.11845040019633156,stop
VNT-0001786842-21-000013,0.3168316831683168,0.04958677685950413,0.11386138613861385,0.5784472227096558,353,ling-free,C5,0.6163831949234009,0.5449102520942688,0.14442733983568357,stop
BMTC-0000802681-21-000111,0.3688271604938271,0.11128284389489954,0.1759259259259259,0.6711782217025757,543,ling-free,C1,0.7296074628829956,0.62141352891922,0.21616123059099712,stop
BMTC-0000802681-21-000111,0.36589698046181174,0.06405693950177936,0.14742451154529307,0.6279353499412537,387,ling-free,C1t,0.6824389696121216,0.5814939141273499,0.17075550599386674,stop
BMTC-0000802681-21-000111,0.28873917228103946,0.03471552555448409,0.11934552454282964,0.5838718414306641,299,ling-free,C2,0.6273438930511475,0.5460342764854431,0.12590249495534075,stop
BMTC-0000802681-21-000111,0.24665391969407263,0.01532567049808429,0.11663479923518164,0.5912343859672546,314,ling-free,C3,0.6585890054702759,0.5363783836364746,0.10719863694448388,stop
BMTC-0000802681-21-000111,0.29378531073446323,0.022641509433962263,0.11864406779661017,0.5968769788742065,332,ling-free,C4,0.673540472984314,0.5358819961547852,0.12552891396332863,stop
BMTC-0000802681-21-000111,0.2008830022075055,0.013274336283185839,0.08609271523178808,0.5184096097946167,202,ling-free,C5,0.5626857876777649,0.4805929660797119,0.08715752744209611,stop
EFL-0001354488-11-004788,0.3628899835796387,0.09539473684210527,0.1330049261083744,0.639479398727417,345,ling-free,C1,0.7048776149749756,0.5851860642433167,0.15960412578745078,stop
EFL-0001354488-11-004788,0.14498933901918976,0.029914529914529916,0.0767590618336887,0.5314200520515442,107,ling-free,C1t,0.6171625256538391,0.46659573912620544,0.05646547848006214,stop
EFL-0001354488-11-004788,0.3057034220532319,0.03655750190403656,0.12167300380228135,0.587650716304779,418,ling-free,C2,0.646094799041748,0.5389028787612915,0.12207882804325078,stop
EFL-0001354488-11-004788,0.3018563357546409,0.04850444624090542,0.13397901533494755,0.5634308457374573,381,ling-free,C3,0.6112313270568848,0.5225644111633301,0.12495557156286452,stop
EFL-0001354488-11-004788,0.36935483870967745,0.06946688206785137,0.15483870967741936,0.616289496421814,387,ling-free,C4,0.6656954288482666,0.5737104415893555,0.15756272896662243,stop
EFL-0001354488-11-004788,0.2975609756097561,0.05700325732899023,0.14634146341463414,0.6114479899406433,381,ling-free,C5,0.6933927536010742,0.5468246340751648,0.13975865853228303,stop
SGOC-0001144204-10-003132,0.5626179987413468,0.22810333963453056,0.19760855884203904,0.7035183310508728,669,ling-free,C1,0.731639564037323,0.6774788498878479,0.2973046407229783,stop
SGOC-0001144204-10-003132,0.3150912106135987,0.09136212624584718,0.1310116086235489,0.6186774969100952,305,ling-free,C1t,0.6581904888153076,0.583639919757843,0.14820157239609016,stop
SGOC-0001144204-10-003132,0.3270547945205479,0.1183533447684391,0.1267123287671233,0.6306244730949402,271,ling-free,C2,0.6933083534240723,0.5783355832099915,0.14379115113227406,stop
SGOC-0001144204-10-003132,0.29584775086505194,0.08838821490467938,0.13321799307958476,0.5942725539207458,253,ling-free,C3,0.6524527072906494,0.5456188917160034,0.1268295413832116,stop
SGOC-0001144204-10-003132,0.371033360455655,0.117359413202934,0.14157851912123676,0.6013612747192383,323,ling-free,C4,0.6527736186981201,0.5574561357498169,0.15846763996472005,stop
SGOC-0001144204-10-003132,0.45147058823529407,0.16200294550810015,0.16176470588235292,0.7126419544219971,517,ling-free,C5,0.7449501156806946,0.6830196976661682,0.21302657398540606,stop
PFPT-0001564590-21-006943,0.2761437908496732,0.10965630114566284,0.15686274509803924,0.6550678610801697,209,ling-free,C1,0.7390300035476685,0.5882374048233032,0.09426471282479856,stop
PFPT-0001564590-21-006943,0.04619826756496631,0.0038572806171648993,0.03657362848893167,0.4339854419231415,52,ling-free,C1t,0.5399254560470581,0.36279967427253723,0.019609344325215394,stop
PFPT-0001564590-21-006943,0.4045422285308729,0.13077469793887705,0.18594748048261178,0.7008904218673706,383,ling-free,C2,0.7584590315818787,0.6514443159103394,0.13936326435229077,stop
PFPT-0001564590-21-006943,0.33306772908366533,0.12769353551476456,0.17211155378486054,0.6938307881355286,245,ling-free,C3,0.769304096698761,0.6318432688713074,0.12015988979130923,stop
PFPT-0001564590-21-006943,0.30734292202876606,0.11827141774071265,0.18319454958364875,0.6913845539093018,306,ling-free,C4,0.7739580869674683,0.6247318983078003,0.11573150350206657,stop
PFPT-0001564590-21-006943,0.31763766959297685,0.12629896083133493,0.15802075019952114,0.6931394338607788,247,ling-free,C5,0.7519186735153198,0.642883837223053,0.12371621982354564,stop
MTB-0001564590-18-002855,0.23751891074130108,0.04090909090909091,0.11195158850226927,0.5841428637504578,262,ling-free,C1,0.6946338415145874,0.5039782524108887,0.0808348082976348,stop
MTB-0001564590-18-002855,0.2401193139448173,0.03435399551904406,0.08501118568232663,0.5694475769996643,285,ling-free,C1t,0.6570892333984375,0.502433717250824,0.09803790369872803,stop
MTB-0001564590-18-002855,0.3267259056732741,0.061601642710472276,0.13123718386876282,0.6109909415245056,397,ling-free,C2,0.6900235414505005,0.5482020974159241,0.12743026949858785,stop
MTB-0001564590-18-002855,0.29684351914036267,0.04707464694014795,0.1262592343854936,0.5831634998321533,413,ling-free,C3,0.6779714226722717,0.5116184949874878,0.12661378430526662,stop
MTB-0001564590-18-002855,0.22222222222222227,0.02936630602782071,0.09104938271604938,0.5592341423034668,243,ling-free,C4,0.6631497740745544,0.4834737479686737,0.08676371348693726,stop
MTB-0001564590-18-002855,0.3322346736980883,0.047524752475247525,0.13579433091628215,0.5819477438926697,445,ling-free,C5,0.647229790687561,0.5286283493041992,0.1421791017341309,stop
CECE-0001564590-21-010416,0.39583333333333337,0.13987473903966596,0.15208333333333332,0.6566193103790283,254,ling-free,C1,0.7178051471710205,0.6050452589988708,0.1499413963327209,stop
CECE-0001564590-21-010416,0.25206124852767964,0.07319952774498228,0.11778563015312132,0.6141771674156189,155,ling-free,C1t,0.6728165149688721,0.5649397969245911,0.09218666639307257,stop
CECE-0001564590-21-010416,0.34497354497354493,0.11028632025450691,0.13968253968253969,0.6543756723403931,246,ling-free,C2,0.7127513885498047,0.6048381924629211,0.14329503718444425,stop
CECE-0001564590-21-010416,0.32101372756071805,0.08465608465608465,0.12882787750791974,0.6372906565666199,248,ling-free,C3,0.6862919330596924,0.594820499420166,0.13387914135267448,stop
CECE-0001564590-21-010416,0.34655532359081415,0.100418410041841,0.13569937369519833,0.655112087726593,256,ling-free,C4,0.7062554955482483,0.6108755469322205,0.1388365871207311,stop
CECE-0001564590-21-010416,0.37351778656126483,0.11089108910891089,0.14031620553359683,0.6508069634437561,309,ling-free,C5,0.6881625652313232,0.6172981262207031,0.160813041306967,stop
MCF-0001558370-21-002664,0.3735725938009788,0.1519607843137255,0.1566068515497553,0.6719974279403687,303,ling-free,C1,0.7363557815551758,0.6179847717285156,0.148527218781993,stop
MCF-0001558370-21-002664,0.4852459016393442,0.1799080761654629,0.19540983606557377,0.6996031403541565,578,ling-free,C1t,0.7225817441940308,0.6780409216880798,0.23512779171676293,stop
MCF-0001558370-21-002664,0.336,0.08302986161689731,0.1469090909090909,0.6319153904914856,416,ling-free,C2,0.7021353840827942,0.5744636654853821,0.1326217444697545,stop
MCF-0001558370-21-002664,0.3751705320600273,0.09836065573770492,0.14733969986357434,0.6558409929275513,497,ling-free,C3,0.7125937938690186,0.6074612140655518,0.16503202146399723,stop
MCF-0001558370-21-002664,0.4039039039039039,0.12481203007518794,0.1711711711711712,0.6551989912986755,400,ling-free,C4,0.7154544591903687,0.6043045520782471,0.1624856582150579,stop
MCF-0001558370-21-002664,0.3567193675889328,0.10286844708209691,0.1482213438735178,0.673069953918457,981,ling-free,C5,0.6978253126144409,0.6500107645988464,0.22508567603845306,stop
UMPQ-0001077771-21-000011,0.3628808864265928,0.0957004160887656,0.15096952908587258,0.6623911261558533,393,ling-free,C1,0.7422615885734558,0.5980395078659058,0.14518326666336212,stop
UMPQ-0001077771-21-000011,0.24284609435421498,0.06041828040278853,0.10518174787316317,0.613247275352478,264,ling-free,C1t,0.6769697666168213,0.5604889392852783,0.09893144816759467,stop
UMPQ-0001077771-21-000011,0.2001696352841391,0.05607476635514019,0.10178117048346055,0.6157290935516357,150,ling-free,C2,0.7270652651786804,0.5339629650115967,0.06698509838285777,stop
UMPQ-0001077771-21-000011,0.24815119145439607,0.07736625514403292,0.11175020542317174,0.6353785991668701,189,ling-free,C3,0.7430718541145325,0.5549498796463013,0.0869004870472773,stop
UMPQ-0001077771-21-000011,0.2785602503912363,0.07836990595611286,0.12050078247261346,0.6367312073707581,237,ling-free,C4,0.7265639901161194,0.5666681528091431,0.09912373200809728,stop
UMPQ-0001077771-21-000011,0.27410358565737053,0.08778930566640063,0.12270916334661355,0.6428835988044739,223,ling-free,C5,0.7429682016372681,0.5665624141693115,0.09448622070425101,stop
AMPE-0001558370-21-002314,0.48225923244026075,0.19434372733865118,0.19695872556118754,0.6963537335395813,399,ling-free,C1,0.7437362670898438,0.6546470522880554,0.21495449738559,stop
AMPE-0001558370-21-002314,0.402002861230329,0.14469914040114612,0.1459227467811159,0.6627695560455322,405,ling-free,C1t,0.7100867033004761,0.6213644742965698,0.18352869139748373,stop
AMPE-0001558370-21-002314,0.32674118658641443,0.1757105943152455,0.18400687876182287,0.6743848919868469,201,ling-free,C2,0.7733421921730042,0.5978798270225525,0.12617908700991032,stop
AMPE-0001558370-21-002314,0.40444091990483744,0.2001588562351072,0.21728786677240286,0.6870476603507996,287,ling-free,C3,0.7679089903831482,0.6215933561325073,0.1662836019904946,stop
AMPE-0001558370-21-002314,0.3603002502085071,0.1921470342522974,0.2085070892410342,0.6770005226135254,228,ling-free,C4,0.7618269920349121,0.6091716289520264,0.1408382607974188,stop
AMPE-0001558370-21-002314,0.37353433835845895,0.23154362416107382,0.17922948073701842,0.7067585587501526,232,ling-free,C5,0.8045589327812195,0.6301578283309937,0.15576886883985355,stop
TWO-0001465740-21-000035,0.3724035608308605,0.18424962852897475,0.16468842729970326,0.6903420686721802,297,ling-free,C1,0.7741954326629639,0.6228779554367065,0.1422428287466479,stop
TWO-0001465740-21-000035,0.3390357698289269,0.17601246105919002,0.20995334370139968,0.683462917804718,255,ling-free,C1t,0.7485978007316589,0.6287553906440735,0.13005474233940156,stop
TWO-0001465740-21-000035,0.33766233766233766,0.07118412046543464,0.1285030758714969,0.6238406300544739,402,ling-free,C2,0.6594218611717224,0.5919027328491211,0.13288674887734275,stop
TWO-0001465740-21-000035,0.3010085337470908,0.06682206682206682,0.12878200155159036,0.6233806610107422,262,ling-free,C3,0.6912037134170532,0.5676783323287964,0.11499469347066743,stop
TWO-0001465740-21-000035,0.3470839260312944,0.08404558404558404,0.14224751066856328,0.6457620859146118,365,ling-free,C4,0.7008339166641235,0.5987147688865662,0.13414966479822696,stop
TWO-0001465740-21-000035,0.39497557571528263,0.07407407407407407,0.13677599441730637,0.662451446056366,400,ling-free,C5,0.7090508937835693,0.6215993165969849,0.1566688425459673,stop
KTOS-0001069258-21-000009,0.40241796200345425,0.11072664359861592,0.13471502590673573,0.6425058841705322,344,ling-free,C1,0.6956384778022766,0.5969139337539673,0.18015444170972408,stop
KTOS-0001069258-21-000009,0.49254790631653655,0.13503909026297084,0.15613910574875797,0.6646509170532227,584,ling-free,C1t,0.7017401456832886,0.6312854290008545,0.2492330569607072,stop
KTOS-0001069258-21-000009,0.36900369003690037,0.10905730129390019,0.13837638376383765,0.6478254795074463,277,ling-free,C2,0.7208334803581238,0.5882462859153748,0.1490188025466676,stop
KTOS-0001069258-21-000009,0.4398682042833608,0.1419141914191419,0.1499176276771005,0.6256846785545349,397,ling-free,C3,0.6978005170822144,0.5670785903930664,0.20013169606272543,stop
KTOS-0001069258-21-000009,0.38658428949691087,0.1237842617152962,0.1412180052956752,0.6440108418464661,321,ling-free,C4,0.7076879739761353,0.5908470153808594,0.16990435625616063,stop
KTOS-0001069258-21-000009,0.4010371650821089,0.116017316017316,0.14174589455488334,0.6480449438095093,348,ling-free,C5,0.7123843431472778,0.5943645238876343,0.17712936820789008,stop
BB-0001070235-21-000029,0.3368606701940035,0.11660777385159009,0.1657848324514991,0.6433549523353577,286,ling-free,C1,0.6932359933853149,0.6001704335212708,0.1275925582945871,stop
BB-0001070235-21-000029,0.08078602620087336,0.015317286652078774,0.05458515283842795,0.4724501073360443,81,ling-free,C1t,0.563532829284668,0.4067137837409973,0.03035698802904908,stop
BB-0001070235-21-000029,0.4045936395759717,0.14690265486725665,0.16607773851590105,0.6746200919151306,291,ling-free,C2,0.7547529339790344,0.609869658946991,0.14708254429277073,stop
BB-0001070235-21-000029,0.5007587253414264,0.19756838905775076,0.21851289833080426,0.7023287415504456,452,ling-free,C3,0.7764737606048584,0.6411096453666687,0.22443346500047245,stop
BB-0001070235-21-000029,0.44000000000000006,0.13937282229965156,0.20521739130434782,0.6938284039497375,300,ling-free,C4,0.7588433027267456,0.6390748023986816,0.15926532596230458,stop
BB-0001070235-21-000029,0.4345549738219895,0.15734265734265734,0.19895287958115185,0.6818091869354248,293,ling-free,C5,0.7606335282325745,0.6177878379821777,0.16204191336463336,stop
ZGNX-0001375151-21-000012,0.3427762039660056,0.075177304964539,0.14305949008498584,0.6340057253837585,414,ling-free,C1,0.7087792158126831,0.5735032558441162,0.153813801382622,stop
ZGNX-0001375151-21-000012,0.13901760889712697,0.037140204271123495,0.06672845227062095,0.5032839775085449,117,ling-free,C1t,0.5890533924102783,0.439316987991333,0.047278899633795085,stop
ZGNX-0001375151-21-000012,0.2524271844660194,0.03590127150336574,0.12098581030619865,0.5784195065498352,328,ling-free,C2,0.658920407295227,0.5154469013214111,0.10305803356689326,stop
ZGNX-0001375151-21-000012,0.2525380710659898,0.0457433290978399,0.11675126903553298,0.5799544453620911,523,ling-free,C3,0.6923576593399048,0.4989505708217621,0.13508415235113144,stop
ZGNX-0001375151-21-000012,0.2678686413393432,0.06060606060606061,0.1313586606567933,0.6081212759017944,514,ling-free,C4,0.7219011783599854,0.5253242254257202,0.13788895826563088,stop
ZGNX-0001375151-21-000012,0.38636363636363635,0.09341317365269461,0.145933014354067,0.6441867351531982,685,ling-free,C5,0.695273756980896,0.6000933051109314,0.2085577823972332,stop
KIDS-0001425450-21-000047,0.4679351656095842,0.1990119971771348,0.22692036645525018,0.7056316137313843,375,ling-free,C1,0.7597988843917847,0.6586738228797913,0.17784881090259969,stop
KIDS-0001425450-21-000047,0.22610141313383209,0.07993338884263115,0.14630091438071488,0.6180402040481567,188,ling-free,C1t,0.6673386096954346,0.5755244493484497,0.08546039339529574,stop
KIDS-0001425450-21-000047,0.34942528735632183,0.12125863392171911,0.18544061302681994,0.6806526184082031,279,ling-free,C2,0.7208165526390076,0.6447283029556274,0.12960532531548588,stop
KIDS-0001425450-21-000047,0.41276911655530807,0.16356877323420074,0.20638455827765403,0.6949120759963989,311,ling-free,C3,0.7594292163848877,0.6404986381530762,0.1541128748197747,stop
KIDS-0001425450-21-000047,0.29132569558101473,0.11147540983606558,0.17184942716857612,0.6655051112174988,199,ling-free,C4,0.7409148812294006,0.604027509689331,0.10241545173078917,stop
KIDS-0001425450-21-000047,0.4790823211875844,0.22567567567567565,0.24291497975708504,0.7120983600616455,453,ling-free,C5,0.7685823440551758,0.6633481979370117,0.18676961046535848,stop
CFFN-0001490906-20-000078,0.37319974953036944,0.09780564263322884,0.15654351909830935,0.6289202570915222,531,ling-free,C1,0.6829644441604614,0.5828020572662354,0.18624538938254956,stop
CFFN-0001490906-20-000078,0.3487179487179487,0.07958921694480102,0.1423076923076923,0.6354991793632507,501,ling-free,C1t,0.6653539538383484,0.6082086563110352,0.1631154271320798,stop
CFFN-0001490906-20-000078,0.27404148334380896,0.03650094398993077,0.11816467630421118,0.6344842910766602,504,ling-free,C2,0.6917363405227661,0.5859848260879517,0.12601936988605114,stop
CFFN-0001490906-20-000078,0.28635014836795253,0.05943536404160475,0.12166172106824927,0.5941938161849976,306,ling-free,C3,0.6430025100708008,0.5522722601890564,0.11107507506991399,stop
CFFN-0001490906-20-000078,0.27399165507649514,0.041782729805013935,0.12795549374130738,0.6006091833114624,367,ling-free,C4,0.6702277064323425,0.5440926551818848,0.10645781934767891,stop
CFFN-0001490906-20-000078,0.27118644067796616,0.030026109660574413,0.1121251629726206,0.596412181854248,439,ling-free,C5,0.673409104347229,0.5352160930633545,0.12748459413959248,stop
HALL-0001558370-21-003015,0.3223270440251572,0.15275590551181104,0.1509433962264151,0.688252329826355,235,ling-free,C1,0.7907048463821411,0.6093040704727173,0.12040075643224764,stop
HALL-0001558370-21-003015,0.07962962962962962,0.014842300556586268,0.03888888888888889,0.4798387885093689,65,ling-free,C1t,0.6034001111984253,0.3982808291912079,0.027001512440924375,stop
HALL-0001558370-21-003015,0.3632680621201891,0.10277214334009466,0.1336934503713707,0.6381762623786926,401,ling-free,C2,0.7036544680595398,0.5838466882705688,0.1513736676829246,stop
HALL-0001558370-21-003015,0.31166797180892714,0.1207843137254902,0.13782302270947533,0.6516664624214172,249,ling-free,C3,0.771358847618103,0.5641299486160278,0.1221172714706298,stop
HALL-0001558370-21-003015,0.39161849710982666,0.14327062228654125,0.1777456647398844,0.6718380451202393,348,ling-free,C4,0.7546511292457581,0.6054030656814575,0.16262552046475184,stop
HALL-0001558370-21-003015,0.3947712418300654,0.12827225130890052,0.1503267973856209,0.6593049764633179,472,ling-free,C5,0.7535759806632996,0.5859977602958679,0.17678175138279406,stop
AHCO-0001558370-21-003089,0.46392447741065407,0.22822417285617824,0.20498988536749835,0.7169086933135986,430,ling-free,C1,0.7575469017028809,0.6804084777832031,0.20624177832860313,stop
AHCO-0001558370-21-003089,0.310099573257468,0.08404558404558406,0.12944523470839261,0.6314616203308105,380,ling-free,C1t,0.6417242288589478,0.621522068977356,0.13133986954379873,stop
AHCO-0001558370-21-003089,0.5445026178010471,0.2804718217562254,0.2931937172774869,0.7199769020080566,458,ling-free,C2,0.7903761863708496,0.66109299659729,0.23242441948256834,stop
AHCO-0001558370-21-003089,0.4649819494584838,0.2588575560375994,0.2815884476534296,0.7138578295707703,332,ling-free,C3,0.8041220307350159,0.6418130397796631,0.18876879596351237,stop
AHCO-0001558370-21-003089,0.41685144124168516,0.22797927461139894,0.25277161862527714,0.7098466157913208,301,ling-free,C4,0.7925812005996704,0.6427520513534546,0.1646615222688555,stop
AHCO-0001558370-21-003089,0.49275362318840576,0.2515549412577747,0.26915113871635615,0.7116372585296631,378,ling-free,C5,0.7962424755096436,0.6432847380638123,0.21415717252888597,stop
XEC-0001168054-21-000008,0.3512544802867384,0.09874326750448832,0.13978494623655915,0.649147629737854,274,ling-free,C1,0.7221792936325073,0.589530348777771,0.14076105076278816,stop
XEC-0001168054-21-000008,0.39419795221843,0.13504273504273503,0.1552901023890785,0.6532313227653503,332,ling-free,C1t,0.7049623131752014,0.6085735559463501,0.17090942341288695,stop
XEC-0001168054-21-000008,0.2859778597785978,0.051756007393715345,0.12546125461254612,0.6067103743553162,240,ling-free,C2,0.683592677116394,0.5453733205795288,0.10289474885852072,stop
XEC-0001168054-21-000008,0.2943396226415095,0.062381852551984876,0.13018867924528302,0.6034533381462097,224,ling-free,C3,0.6818739771842957,0.5412100553512573,0.09850336562544713,stop
XEC-0001168054-21-000008,0.3537414965986394,0.08006814310051108,0.1445578231292517,0.6284546852111816,332,ling-free,C4,0.69856196641922,0.5711357593536377,0.14624471600867822,stop
XEC-0001168054-21-000008,0.39068994181213634,0.07993338884263115,0.15128844555278473,0.6294518709182739,358,ling-free,C5,0.6872856616973877,0.5805959105491638,0.1534304849625363,stop
VERI-0001564590-21-011303,0.48051948051948057,0.16040462427745664,0.2207792207792208,0.6793089509010315,435,ling-free,C1,0.7440714836120605,0.6249174475669861,0.19911037054638323,stop
VERI-0001564590-21-011303,0.10876132930513596,0.030272452068617558,0.05438066465256798,0.5221860408782959,84,ling-free,C1t,0.6407614946365356,0.4406433701515198,0.03640500568828214,stop
VERI-0001564590-21-011303,0.38814993954050786,0.11743341404358355,0.1777509068923821,0.643408477306366,673,ling-free,C2,0.6889345645904541,0.6035263538360596,0.1769652132788571,stop
VERI-0001564590-21-011303,0.29298245614035084,0.10193321616871705,0.16315789473684209,0.6220879554748535,216,ling-free,C3,0.7209987044334412,0.547041654586792,0.09304946335344387,stop
VERI-0001564590-21-011303,0.42750000000000005,0.1476846057571965,0.19749999999999998,0.6684021353721619,642,ling-free,C4,0.7532414197921753,0.6007394790649414,0.20553615972399877,stop
VERI-0001564590-21-011303,0.3732057416267942,0.15175718849840256,0.19138755980861247,0.6615052223205566,318,ling-free,C5,0.7401328086853027,0.5979791283607483,0.14291374931508063,stop
CORR-0001347652-21-000014,0.5198902606310014,0.1936813186813187,0.22496570644718794,0.6937481760978699,489,ling-free,C1,0.7585885524749756,0.6391193866729736,0.21654515823314824,stop
CORR-0001347652-21-000014,0.26999140154772144,0.07924203273040482,0.1358555460017197,0.6359713077545166,223,ling-free,C1t,0.6796264052391052,0.5975859761238098,0.10029755705241991,stop
CORR-0001347652-21-000014,0.3817034700315457,0.1406003159557662,0.20347003154574134,0.6493862867355347,309,ling-free,C2,0.7163112759590149,0.5938984155654907,0.1454897639688272,stop
CORR-0001347652-21-000014,0.27318718381112983,0.08108108108108109,0.1585160202360877,0.5918838977813721,237,ling-free,C3,0.6227911114692688,0.5638993978500366,0.11529342354440726,stop
CORR-0001347652-21-000014,0.3716577540106951,0.08701472556894244,0.15508021390374332,0.616263747215271,524,ling-free,C4,0.6305541396141052,0.6026067137718201,0.19084737119730266,stop
CORR-0001347652-21-000014,0.3726287262872629,0.09905020352781546,0.16124661246612468,0.6472116112709045,452,ling-free,C5,0.6768748760223389,0.6200391054153442,0.17524379880681348,stop
SYK-0000310764-21-000027,0.3492063492063492,0.12241653418124006,0.1634920634920635,0.6494389772415161,299,ling-free,C1,0.7359668612480164,0.581116795539856,0.14321355711191033,stop
SYK-0000310764-21-000027,0.251105216622458,0.06908768821966342,0.1149425287356322,0.6200021505355835,187,ling-free,C1t,0.6902371048927307,0.562740683555603,0.09203596242291326,stop
SYK-0000310764-21-000027,0.2506573181419807,0.09657594381035996,0.14548641542506574,0.6122802495956421,186,ling-free,C2,0.7713779211044312,0.5075893402099609,0.07566022782539501,stop
SYK-0000310764-21-000027,0.32192846034214617,0.11682242990654206,0.17729393468118196,0.6303302645683289,317,ling-free,C3,0.7209591269493103,0.5599421858787537,0.11776864951134905,stop
SYK-0000310764-21-000027,0.40209267563527656,0.13622754491017963,0.19431988041853512,0.6580784916877747,379,ling-free,C4,0.7618679404258728,0.5791771411895752,0.1746182032774522,stop
SYK-0000310764-21-000027,0.3694839192221391,0.11086142322097378,0.16454749439042632,0.6075162291526794,383,ling-free,C5,0.6505458354949951,0.5698257684707642,0.16168470347356823,stop
AAWW-0001564590-20-006046,0.5195729537366548,0.21021377672209027,0.22775800711743774,0.7182488441467285,606,ling-free,C1,0.7697514295578003,0.6732059717178345,0.2424043016180768,stop
AAWW-0001564590-20-006046,0.13529921942758022,0.02258905299739357,0.06591500433651344,0.5480074882507324,129,ling-free,C1t,0.6117323637008667,0.49630671739578247,0.04695540362052542,stop
AAWW-0001564590-20-006046,0.40462427745664736,0.09606481481481481,0.15953757225433524,0.660498321056366,574,ling-free,C2,0.7094234228134155,0.6178860664367676,0.17293952473132781,stop
AAWW-0001564590-20-006046,0.37661454792658056,0.089857045609258,0.14140040788579197,0.6469539403915405,399,ling-free,C3,0.7119852900505066,0.5928080081939697,0.14490411194228203,stop
AAWW-0001564590-20-006046,0.38444607483492294,0.1381337252020573,0.17021276595744683,0.6846598386764526,295,ling-free,C4,0.7745867967605591,0.6134413480758667,0.15783848537049622,stop
AAWW-0001564590-20-006046,0.3754619364375462,0.1332346410066617,0.1729490022172949,0.6673986911773682,292,ling-free,C5,0.7623240351676941,0.5934959650039673,0.14462539416720155,stop
ZDGE-0001213900-20-033714,0.3463035019455253,0.10721247563352827,0.1478599221789883,0.632171630859375,241,ling-free,C1,0.7181192636489868,0.5645980834960938,0.13414239790513025,stop
ZDGE-0001213900-20-033714,0.11455847255369929,0.02631578947368421,0.059665871121718374,0.4816271960735321,78,ling-free,C1t,0.6004270911216736,0.40207338333129883,0.04421502590123036,stop
ZDGE-0001213900-20-033714,0.36557059961315275,0.11821705426356588,0.17988394584139264,0.6556774973869324,264,ling-free,C2,0.7268807888031006,0.5971794128417969,0.15982579672361152,stop
ZDGE-0001213900-20-033714,0.46722689075630247,0.13804713804713806,0.16638655462184876,0.634425163269043,409,ling-free,C3,0.6785545349121094,0.5956851243972778,0.24064115835381225,stop
ZDGE-0001213900-20-033714,0.40734265734265734,0.12959719789842383,0.15034965034965034,0.647122323513031,352,ling-free,C4,0.6937155723571777,0.6063940525054932,0.21096588051563037,stop
ZDGE-0001213900-20-033714,0.39416058394160586,0.13893967093235834,0.1532846715328467,0.6629230976104736,322,ling-free,C5,0.7191511988639832,0.6148500442504883,0.190745861295303,stop
FISI-0001564590-21-013158,0.3284169124877089,0.08669950738916256,0.1337266470009833,0.6261964440345764,237,ling-free,C1,0.6814078092575073,0.5792614817619324,0.12710103188630784,stop
FISI-0001564590-21-013158,0.29032258064516125,0.06262626262626263,0.11895161290322581,0.6176676750183105,208,ling-free,C1t,0.6806631684303284,0.5653448104858398,0.10885383925693103,stop
FISI-0001564590-21-013158,0.39678284182305634,0.08057296329453895,0.14477211796246647,0.6431533694267273,325,ling-free,C2,0.6859253644943237,0.6054024696350098,0.1654454841138531,stop
FISI-0001564590-21-013158,0.16009280742459397,0.053488372093023255,0.10440835266821345,0.5269454717636108,99,ling-free,C3,0.6326887607574463,0.4514869451522827,0.06219101777423238,stop
FISI-0001564590-21-013158,0.18952062430323302,0.05363128491620111,0.10256410256410256,0.5311471223831177,132,ling-free,C4,0.629684329032898,0.4592764377593994,0.07165686304470428,stop
FISI-0001564590-21-013158,0.32594021215043395,0.0792270531400966,0.12729026036644167,0.6130083799362183,257,ling-free,C5,0.6806838512420654,0.5575730204582214,0.1406127533684069,stop
CVM-0001654954-17-011928,0.3269493844049248,0.11917808219178083,0.1491108071135431,0.6643403768539429,375,ling-free,C1,0.6948210597038269,0.6364215612411499,0.14052577069878913,stop
CVM-0001654954-17-011928,0.3233449477351917,0.08792742498255408,0.1393728222996516,0.6336492300033569,350,ling-free,C1t,0.6718571186065674,0.5995532274246216,0.13754025898641692,stop
CVM-0001654954-17-011928,0.29971181556195964,0.07936507936507936,0.1239193083573487,0.6093943119049072,314,ling-free,C2,0.6458665132522583,0.5768210291862488,0.1198411123165401,stop
CVM-0001654954-17-011928,0.2747979426891991,0.07652685798381163,0.12490815576781779,0.571068525314331,289,ling-free,C3,0.618951678276062,0.5300620794296265,0.10989418433126767,stop
CVM-0001654954-17-011928,0.3229461756373938,0.09078014184397162,0.14022662889518414,0.6193504333496094,333,ling-free,C4,0.6492670178413391,0.5920694470405579,0.1306908340332871,stop
CVM-0001654954-17-011928,0.2631578947368421,0.08433734939759036,0.12180451127819547,0.6067492365837097,254,ling-free,C5,0.6500675678253174,0.568843424320221,0.10322882116002911,stop
OSBC-0000357173-21-000014,0.44334433443344334,0.1475770925110132,0.1606160616061606,0.6822420954704285,727,ling-free,C1,0.6787917017936707,0.6857278347015381,0.24064940217186817,stop
OSBC-0000357173-21-000014,0.30544896392939375,0.1337432744043044,0.1350729086722947,0.6532185077667236,264,ling-free,C1t,0.6935963034629822,0.6172832250595093,0.11078794910683776,stop
OSBC-0000357173-21-000014,0.3242857142857143,0.10300429184549356,0.15,0.6629981994628906,351,ling-free,C2,0.6985582113265991,0.6308830976486206,0.14221267785232358,stop
OSBC-0000357173-21-000014,0.2691449814126394,0.07446016381236038,0.12490706319702605,0.6305901408195496,315,ling-free,C3,0.6573654413223267,0.6059106588363647,0.12083918306886034,stop
OSBC-0000357173-21-000014,0.3397876327295441,0.07129455909943715,0.13116801998750782,0.6488771438598633,516,ling-free,C4,0.6584222316741943,0.639604926109314,0.13935791872399886,stop
OSBC-0000357173-21-000014,0.18095238095238098,0.02384737678855326,0.08888888888888889,0.5449310541152954,218,ling-free,C5,0.606223464012146,0.4948946237564087,0.07297506282621302,stop
PLUG-0001558370-20-002267,0.37683523654159873,0.10130718954248366,0.1370309951060359,0.6517438888549805,369,ling-free,C1,0.7226648926734924,0.593498945236206,0.17023721368623004,stop
PLUG-0001558370-20-002267,0.4444444444444444,0.13908205841446453,0.17638888888888893,0.675835907459259,576,ling-free,C1t,0.7292819023132324,0.6296886801719666,0.22423898973933654,stop
PLUG-0001558370-20-002267,0.339754816112084,0.08771929824561403,0.13485113835376533,0.6152307987213135,302,ling-free,C2,0.6858080625534058,0.5578244924545288,0.14463036991761538,stop
PLUG-0001558370-20-002267,0.3065825067628494,0.07407407407407408,0.12263300270513977,0.6111454367637634,269,ling-free,C3,0.6834348440170288,0.5526858568191528,0.13618057260821043,stop
PLUG-0001558370-20-002267,0.33802816901408456,0.09171075837742504,0.13204225352112678,0.6235933899879456,292,ling-free,C4,0.6934677362442017,0.5665112733840942,0.15180670583695377,stop
PLUG-0001558370-20-002267,0.33691756272401435,0.10592459605026928,0.13978494623655913,0.6787910461425781,323,ling-free,C5,0.7514547109603882,0.618941068649292,0.14853546131464224,stop
TCFC-0001628280-21-003922,0.3894039735099338,0.12334217506631301,0.16423841059602648,0.6968711614608765,426,ling-free,C1,0.769576907157898,0.6367173194885254,0.16876324125673142,stop
TCFC-0001628280-21-003922,0.07815275310834813,0.005338078291814947,0.04262877442273534,0.4771192967891693,83,ling-free,C1t,0.5999916195869446,0.3960186243057251,0.028329805966542942,stop
TCFC-0001628280-21-003922,0.3722397476340694,0.07327858496525586,0.1312302839116719,0.6670941114425659,462,ling-free,C2,0.7138117551803589,0.6261159777641296,0.1476593016025791,stop
TCFC-0001628280-21-003922,0.34417504435245416,0.046181172291296625,0.12418687167356593,0.6315271258354187,544,ling-free,C3,0.6911821365356445,0.5813513994216919,0.1597427555385541,stop
TCFC-0001628280-21-003922,0.2677636499626029,0.047940074906367036,0.11667913238593867,0.6271586418151855,262,ling-free,C4,0.7118698358535767,0.5604643821716309,0.08995515386310117,stop
TCFC-0001628280-21-003922,0.3618090452261306,0.0592509782001118,0.1273031825795645,0.6405007839202881,645,ling-free,C5,0.7055500745773315,0.5864336490631104,0.17362568319860333,stop
TSHA-0001564590-21-010433,0.33183856502242154,0.09431137724550899,0.12556053811659193,0.627566933631897,299,ling-free,C1,0.699973464012146,0.5687357783317566,0.12858936042524005,stop
TSHA-0001564590-21-010433,0.3076923076923077,0.07776962582538519,0.11428571428571427,0.6060985326766968,326,ling-free,C1t,0.6603538990020752,0.5600815415382385,0.13155511070240433,stop
TSHA-0001564590-21-010433,0.21665319320937754,0.04696356275303644,0.10185933710590139,0.5761436223983765,214,ling-free,C2,0.6474869251251221,0.5189617872238159,0.07870933488798232,stop
TSHA-0001564590-21-010433,0.29592566118656183,0.05726556907659271,0.11293781272337383,0.5630912184715271,366,ling-free,C3,0.6160598397254944,0.5185098648071289,0.13021573657428823,stop
TSHA-0001564590-21-010433,0.24731182795698922,0.06153846153846154,0.1075268817204301,0.5903000831604004,276,ling-free,C4,0.6577443480491638,0.5354008078575134,0.09937340635890447,stop
TSHA-0001564590-21-010433,0.2008298755186722,0.053200332502078146,0.1012448132780083,0.5821173191070557,185,ling-free,C5,0.6745050549507141,0.5119895339012146,0.07932986026141099,stop
PZN-0001564590-20-009500,0.2759103641456583,0.08134642356241234,0.13305322128851538,0.60752934217453,389,ling-free,C1,0.7375645637512207,0.5164732933044434,0.11923826338219089,stop
PZN-0001564590-20-009500,0.12850678733031673,0.03263825929283772,0.07420814479638008,0.5284253358840942,102,ling-free,C1t,0.6377240419387817,0.45111021399497986,0.04609964550650824,stop
PZN-0001564590-20-009500,0.20689655172413796,0.04658634538152611,0.11066559743384122,0.5789955854415894,225,ling-free,C2,0.6983629465103149,0.4944772720336914,0.07438709444931592,stop
PZN-0001564590-20-009500,0.18257261410788383,0.024937655860349125,0.08464730290456432,0.5235684514045715,200,ling-free,C3,0.5937579870223999,0.46821916103363037,0.07120772241295248,stop
PZN-0001564590-20-009500,0.23904382470119523,0.04628890662410215,0.11314741035856572,0.5604573488235474,234,ling-free,C4,0.6829150915145874,0.47523921728134155,0.08163863903011342,stop
PZN-0001564590-20-009500,0.33100558659217877,0.08251748251748252,0.12849162011173185,0.6207419037818909,397,ling-free,C5,0.693744421005249,0.5616406202316284,0.13978745667806416,stop
ASH-0001674862-16-000008,0.49159925326695714,0.16947040498442367,0.2115743621655258,0.7199847102165222,605,ling-free,C1,0.7648415565490723,0.6800978779792786,0.23304490761170535,stop
ASH-0001674862-16-000008,0.42067480258435025,0.18835370237239393,0.2584350323043791,0.7143189311027527,401,ling-free,C1t,0.7597677707672119,0.67400062084198,0.18969876852440865,stop
ASH-0001674862-16-000008,0.47333333333333333,0.205607476635514,0.20400000000000001,0.6846668124198914,504,ling-free,C2,0.7432036399841309,0.6346777081489563,0.22543905546433182,stop
ASH-0001674862-16-000008,0.4933920704845815,0.18399495904221802,0.21019509125235997,0.6704011559486389,589,ling-free,C3,0.7024188041687012,0.6411750912666321,0.23535672361502533,stop
ASH-0001674862-16-000008,0.6024096385542169,0.3691194209891436,0.336144578313253,0.7838727831840515,661,ling-free,C4,0.8171155452728271,0.7532291412353516,0.30369416230540863,stop
ASH-0001674862-16-000008,0.49934296977660975,0.23026315789473684,0.23390275952693826,0.6860953569412231,532,ling-free,C5,0.7291120290756226,0.647871732711792,0.22939150108838993,stop
JNPR-0001043604-21-000013,0.37010159651669083,0.11918604651162791,0.1509433962264151,0.659472644329071,335,ling-free,C1,0.7607213258743286,0.5820096731185913,0.1415490174756288,stop
JNPR-0001043604-21-000013,0.3402366863905325,0.13629629629629628,0.14644970414201183,0.6435319781303406,334,ling-free,C1t,0.6844684481620789,0.6072158813476562,0.12958089156864097,stop
JNPR-0001043604-21-000013,0.25702811244979923,0.06596942880128721,0.11887550200803211,0.6205564737319946,204,ling-free,C2,0.7465174198150635,0.5309659242630005,0.07856230973190612,stop
JNPR-0001043604-21-000013,0.34135977337110485,0.09929078014184396,0.14872521246458922,0.663616418838501,357,ling-free,C3,0.7380119562149048,0.6028462648391724,0.14108981173815202,stop
JNPR-0001043604-21-000013,0.3069694596711042,0.08941176470588236,0.13782302270947533,0.6424067616462708,238,ling-free,C4,0.7762949466705322,0.5479085445404053,0.1159913083230288,stop
JNPR-0001043604-21-000013,0.30148367952522254,0.0677361853832442,0.13768545994065282,0.6248410940170288,527,ling-free,C5,0.6782131195068359,0.579256534576416,0.14423522864298302,stop
PMVP-0001564590-21-010578,0.36801541425818884,0.13706563706563707,0.17726396917148363,0.6703453660011292,237,ling-free,C1,0.7298083305358887,0.6198421716690063,0.14673884395333395,stop
PMVP-0001564590-21-010578,0.328416912487709,0.09852216748768472,0.13962635201573254,0.640846312046051,215,ling-free,C1t,0.6953912973403931,0.5942357778549194,0.12472775731783685,stop
PMVP-0001564590-21-010578,0.3897058823529412,0.11049723756906077,0.16911764705882354,0.6546154618263245,278,ling-free,C2,0.7294477224349976,0.5937083959579468,0.15794093666170908,stop
PMVP-0001564590-21-010578,0.3533834586466165,0.09981167608286252,0.18421052631578946,0.6580937504768372,268,ling-free,C3,0.7084278464317322,0.6144376993179321,0.14666657927553378,stop
PMVP-0001564590-21-010578,0.3136863136863137,0.0940940940940941,0.13586413586413584,0.6911706924438477,234,ling-free,C4,0.7564176321029663,0.6362860202789307,0.11974891854453566,stop
PMVP-0001564590-21-010578,0.5101327742837177,0.17774667599720084,0.21104122990915447,0.7008587718009949,620,ling-free,C5,0.7128638029098511,0.6892514228820801,0.2825237241254703,stop
SSNT-0001185185-18-000498,0.40375586854460094,0.12357286769644056,0.1596244131455399,0.7234920859336853,516,ling-free,C1,0.8063153028488159,0.6560988426208496,0.2083370201921886,stop
SSNT-0001185185-18-000498,0.19152542372881357,0.07470288624787776,0.11694915254237288,0.583882212638855,164,ling-free,C1t,0.6767740845680237,0.5134128332138062,0.07505664983361603,stop
SSNT-0001185185-18-000498,0.31236749116607776,0.09483368719037509,0.11307420494699645,0.6341865658760071,354,ling-free,C2,0.7177044153213501,0.5680802464485168,0.15019271381760063,stop
SSNT-0001185185-18-000498,0.3361945636623749,0.12607449856733527,0.13447782546494993,0.7001546621322632,409,ling-free,C3,0.7784203290939331,0.6361894607543945,0.15454349697811331,stop
SSNT-0001185185-18-000498,0.33028812368236127,0.1140042223786066,0.134926212227688,0.7006704807281494,440,ling-free,C4,0.7803422212600708,0.6357603073120117,0.15902948274998963,stop
SSNT-0001185185-18-000498,0.3162719633307869,0.1208875286916603,0.14973262032085563,0.6839674711227417,326,ling-free,C5,0.7587186098098755,0.6226246356964111,0.1362476486736444,stop
ALNA-0001564590-21-012238,0.4719242902208202,0.20593809222994314,0.2056782334384858,0.7080774307250977,522,ling-free,C1,0.7656954526901245,0.6585240960121155,0.21337737824254444,stop
ALNA-0001564590-21-012238,0.3269961977186312,0.11576542269611577,0.13992395437262356,0.652155876159668,277,ling-free,C1t,0.7107492685317993,0.6024874448776245,0.12832816466356467,stop
ALNA-0001564590-21-012238,0.34507897934386395,0.10705596107055962,0.17253948967193197,0.6405611634254456,589,ling-free,C2,0.7188628911972046,0.5776418447494507,0.1429826933588654,stop
ALNA-0001564590-21-012238,0.3579863269111249,0.10952084629744867,0.18520820385332507,0.6494652032852173,574,ling-free,C3,0.7389342784881592,0.5793217420578003,0.1730394694036962,stop
ALNA-0001564590-21-012238,0.38259564891222814,0.13072877535687455,0.19204801200300073,0.6684074997901917,317,ling-free,C4,0.7394052743911743,0.6098496913909912,0.14815351968822665,stop
ALNA-0001564590-21-012238,0.38108680310515175,0.14134275618374556,0.17360621030345802,0.6791777014732361,391,ling-free,C5,0.7596055269241333,0.6141507625579834,0.15447149717778402,stop
ACHV-0001193125-14-093757,0.43234836702954893,0.15732087227414332,0.15552099533437014,0.6745591163635254,363,ling-free,C1,0.7220098972320557,0.6329607367515564,0.17978088260750033,stop
ACHV-0001193125-14-093757,0.19544592030360533,0.08555133079847908,0.10815939278937381,0.5861276388168335,145,ling-free,C1t,0.6989899277687073,0.5046452283859253,0.08052066170871126,stop
ACHV-0001193125-14-093757,0.3281786941580756,0.1325301204819277,0.14776632302405499,0.6570401191711426,238,ling-free,C2,0.7642812728881836,0.5761910676956177,0.13248907196376322,stop
ACHV-0001193125-14-093757,0.361038961038961,0.10403120936280884,0.14935064935064934,0.6261293888092041,561,ling-free,C3,0.6638189554214478,0.5924896001815796,0.17409003570279333,stop
ACHV-0001193125-14-093757,0.27875734676742236,0.10597140454163162,0.12762384550797648,0.5928606390953064,279,ling-free,C4,0.6573601365089417,0.539887547492981,0.13137964525378973,stop
ACHV-0001193125-14-093757,0.31064572425828973,0.13286713286713286,0.15008726003490402,0.6481766700744629,221,ling-free,C5,0.758934736251831,0.5656293034553528,0.137336010994446,stop
STRL-0000874238-21-000010,0.32981316003249395,0.1350691619202604,0.17871649065800163,0.6414394378662109,260,ling-free,C1,0.7589922547340393,0.555416464805603,0.11185309964305487,stop
STRL-0000874238-21-000010,0.1337099811676083,0.026415094339622643,0.07721280602636535,0.5332576632499695,116,ling-free,C1t,0.6272884607315063,0.4637424945831299,0.044854349359943556,stop
STRL-0000874238-21-000010,0.33490566037735847,0.08188976377952756,0.16666666666666669,0.6113603115081787,297,ling-free,C2,0.6920008063316345,0.5475527048110962,0.11973854584323566,stop
STRL-0000874238-21-000010,0.41006097560975613,0.13435114503816795,0.17073170731707316,0.6539259552955627,341,ling-free,C3,0.7567118406295776,0.5757240056991577,0.15682349948470398,stop
STRL-0000874238-21-000010,0.41294298921417566,0.13888888888888887,0.1879815100154083,0.655757486820221,325,ling-free,C4,0.7500935792922974,0.5824989676475525,0.14304866551453171,stop
STRL-0000874238-21-000010,0.4144736842105263,0.1264822134387352,0.2026315789473684,0.6551804542541504,531,ling-free,C5,0.7494243383407593,0.5819920301437378,0.17565504108935523,stop
APVO-0001564590-21-016875,0.3798701298701299,0.13333333333333333,0.2012987012987013,0.6691255569458008,339,ling-free,C1,0.7287185192108154,0.6185425519943237,0.16735880492538063,stop
APVO-0001564590-21-016875,0.33770491803278685,0.08374384236453203,0.12786885245901639,0.6291697025299072,340,ling-free,C1t,0.6623318195343018,0.5991699695587158,0.143713227851902,stop
APVO-0001564590-21-016875,0.2823529411764706,0.07252946509519494,0.13936651583710408,0.6066820621490479,221,ling-free,C2,0.6949210166931152,0.5383269786834717,0.10801529052584856,stop
APVO-0001564590-21-016875,0.3694466095089634,0.12021857923497269,0.18706157443491817,0.6359404921531677,393,ling-free,C3,0.7056339383125305,0.578776478767395,0.16005381208063008,stop
APVO-0001564590-21-016875,0.39780736100234926,0.15215686274509804,0.19577133907595928,0.6639296412467957,380,ling-free,C4,0.725055456161499,0.6123089790344238,0.1658435572628798,stop
APVO-0001564590-21-016875,0.3548130469371519,0.13227091633466137,0.18456642800318218,0.6487565636634827,357,ling-free,C5,0.7184933423995972,0.5913593769073486,0.16365159164191473,stop
ATAX-0001059142-15-000007,0.4966767371601208,0.17301875378100423,0.1691842900302115,0.7125813364982605,583,ling-free,C1,0.777807354927063,0.6574485301971436,0.23276742476835585,stop
ATAX-0001059142-15-000007,0.47260726072607256,0.14672835426305356,0.201980198019802,0.6583539247512817,469,ling-free,C1t,0.7245099544525146,0.6032686233520508,0.20475796328626805,stop
ATAX-0001059142-15-000007,0.33627278071722516,0.06709829311359625,0.1493239271017049,0.632239043712616,569,ling-free,C2,0.6957894563674927,0.5793259739875793,0.13940899165261586,stop
ATAX-0001059142-15-000007,0.31384615384615383,0.053388090349075976,0.12820512820512822,0.6171351075172424,801,ling-free,C3,0.6575949192047119,0.5813654661178589,0.15885975529732074,stop
ATAX-0001059142-15-000007,0.3419041000694927,0.07654836464857341,0.1487143849895761,0.628233015537262,380,ling-free,C4,0.7271616458892822,0.5529987812042236,0.1415765296727185,stop
ATAX-0001059142-15-000007,0.24552845528455283,0.06514657980456026,0.1186991869918699,0.5951459407806396,200,ling-free,C5,0.7106906175613403,0.5119178891181946,0.08553220905466337,stop
SNBR-0001564590-19-004499,0.42845723421262993,0.1713370696557246,0.19504396482813752,0.6819857358932495,323,ling-free,C1,0.7621104717254639,0.617106020450592,0.1604078394920656,stop
SNBR-0001564590-19-004499,0.27902621722846443,0.16135084427767354,0.16666666666666666,0.6709396839141846,160,ling-free,C1t,0.7588785886764526,0.6012650728225708,0.10583630899232269,stop
SNBR-0001564590-19-004499,0.28755760368663597,0.11819021237303787,0.14930875576036864,0.6536638140678406,172,ling-free,C2,0.7670333385467529,0.5694915056228638,0.0964181520220123,stop
SNBR-0001564590-19-004499,0.34334763948497854,0.11693895098882202,0.17682403433476393,0.6617463231086731,239,ling-free,C3,0.7536141872406006,0.5898427367210388,0.1189187472814267,stop
SNBR-0001564590-19-004499,0.24276377217553685,0.09354536950420955,0.15312791783380017,0.6309866905212402,154,ling-free,C4,0.7412594556808472,0.5492743849754333,0.07605792176363643,stop
SNBR-0001564590-19-004499,0.4042379788101059,0.14367346938775508,0.20537897310513448,0.6723621487617493,296,ling-free,C5,0.7657980918884277,0.5992472171783447,0.15326918489156816,stop
BRMK-0001104659-20-034181,0.5560716655607166,0.2245847176079734,0.1964167219641672,0.7224314212799072,568,ling-free,C1,0.7442749738693237,0.7018334865570068,0.27036603197492753,stop
BRMK-0001104659-20-034181,0.37357630979498857,0.10190114068441065,0.14578587699316628,0.636734127998352,397,ling-free,C1t,0.6523894667625427,0.6218124628067017,0.15574107587052388,stop
BRMK-0001104659-20-034181,0.3784615384615384,0.11864406779661016,0.16,0.673762857913971,370,ling-free,C2,0.7073031663894653,0.6432595252990723,0.17456602467582644,stop
BRMK-0001104659-20-034181,0.4602510460251046,0.1229050279329609,0.16875871687587168,0.6379306316375732,494,ling-free,C3,0.6532535552978516,0.6233100891113281,0.21673329269544778,stop
BRMK-0001104659-20-034181,0.37962202136400985,0.14650205761316873,0.1791290057518488,0.6571953892707825,297,ling-free,C4,0.712519645690918,0.6098434925079346,0.1621992179232313,stop
BRMK-0001104659-20-034181,0.4034458004307251,0.0905823148813803,0.1464465183058148,0.6243884563446045,459,ling-free,C5,0.6605210900306702,0.5920039415359497,0.18588032336028001,stop
ADAP-0001558370-21-001827,0.36406995230524647,0.16878980891719744,0.20508744038155804,0.674662709236145,317,ling-free,C1,0.6699041724205017,0.6794893741607666,0.1622917156509183,stop
ADAP-0001558370-21-001827,0.3520249221183801,0.1653666146645866,0.19314641744548286,0.7173962593078613,356,ling-free,C1t,0.7035939693450928,0.7317508459091187,0.16302915356450573,stop
ADAP-0001558370-21-001827,0.3181019332161687,0.1954225352112676,0.22319859402460457,0.7494391798973083,208,ling-free,C2,0.7757337093353271,0.7248687744140625,0.1405936616362275,stop
ADAP-0001558370-21-001827,0.34471273938384683,0.1834862385321101,0.21648626144879266,0.7109970450401306,271,ling-free,C3,0.7208023071289062,0.7014549374580383,0.1396393163860753,stop
ADAP-0001558370-21-001827,0.40746500777604977,0.2180685358255452,0.23483670295489892,0.7348932027816772,353,ling-free,C4,0.7267152070999146,0.7432572841644287,0.18803664303225898,stop
ADAP-0001558370-21-001827,0.3454699407281964,0.186598812553011,0.20321761219305673,0.7917675375938416,298,ling-free,C5,0.8064761757850647,0.7775858640670776,0.15491740028876258,stop
GBLIL-0001564590-21-012923,0.31947840260798693,0.07510204081632654,0.13528932355338225,0.6195116639137268,362,ling-free,C1,0.6947409510612488,0.5589828491210938,0.13910274222259378,stop
GBLIL-0001564590-21-012923,0.11855104281009879,0.030803080308030802,0.06366630076838639,0.5168951749801636,75,ling-free,C1t,0.6432064771652222,0.4320501685142517,0.04465729725219767,stop
GBLIL-0001564590-21-012923,0.2950039651070579,0.03653693407466243,0.13322759714512292,0.5933710336685181,385,ling-free,C2,0.6786648035049438,0.5271228551864624,0.11831243671111957,stop
GBLIL-0001564590-21-012923,0.12218649517684887,0.010741138560687433,0.05787781350482316,0.47718262672424316,98,ling-free,C3,0.5713673830032349,0.40965473651885986,0.04108610217934978,stop
GBLIL-0001564590-21-012923,0.2509505703422053,0.05523809523809523,0.12927756653992395,0.5754531621932983,203,ling-free,C4,0.7023336887359619,0.4874013662338257,0.08791757709895366,stop
GBLIL-0001564590-21-012923,0.2405498281786942,0.03614457831325301,0.10309278350515463,0.5910553336143494,302,ling-free,C5,0.6637029051780701,0.5327423810958862,0.0998246330832878,stop
GMBLW-0001213900-19-019346,0.27390791027154665,0.04970414201183432,0.13931523022432113,0.48876962065696716,254,ling-free,C1,0.5020049810409546,0.476214200258255,0.14736632893886722,stop
GMBLW-0001213900-19-019346,0.17246175243393602,0.02789400278940028,0.10570236439499306,0.4503045976161957,136,ling-free,C1t,0.48259034752845764,0.42206788063049316,0.07939227139803334,stop
GMBLW-0001213900-19-019346,0.23725055432372505,0.04666666666666667,0.12416851441241686,0.49560031294822693,285,ling-free,C2,0.5171190500259399,0.47580093145370483,0.13568162574089754,stop
GMBLW-0001213900-19-019346,0.2186046511627907,0.02564102564102564,0.1209302325581395,0.4767961800098419,247,ling-free,C3,0.5051562190055847,0.4514511823654175,0.1128191909743392,stop
GMBLW-0001213900-19-019346,0.25842696629213485,0.0472972972972973,0.1303370786516854,0.5372406244277954,281,ling-free,C4,0.5681522488594055,0.509519100189209,0.15252079230630142,stop
GMBLW-0001213900-19-019346,0.22897196261682243,0.028103044496487116,0.12616822429906543,0.4848514497280121,245,ling-free,C5,0.507765531539917,0.46391618251800537,0.11952045916287042,stop
TREC-0000007039-21-000036,0.3445149592021759,0.11625794732061763,0.13961922030825025,0.675956130027771,258,ling-free,C1,0.7104505300521851,0.6446563005447388,0.14170050107175594,stop
TREC-0000007039-21-000036,0.20100502512562815,0.05236656596173212,0.09447236180904522,0.5553721189498901,159,ling-free,C1t,0.6355116963386536,0.4931807518005371,0.0775017723775631,stop
TREC-0000007039-21-000036,0.4148278905560459,0.16799292661361626,0.17828773168578993,0.7037225365638733,286,ling-free,C2,0.7599425315856934,0.6552477478981018,0.17190027832754148,stop
TREC-0000007039-21-000036,0.4466834592779177,0.18839360807401176,0.16960537363560035,0.7140339612960815,335,ling-free,C3,0.7720816731452942,0.6641042828559875,0.19526527785528375,stop
TREC-0000007039-21-000036,0.4395973154362416,0.17478991596638657,0.1711409395973154,0.7054123878479004,335,ling-free,C4,0.7498295903205872,0.6659631133079529,0.19928118902634884,stop
TREC-0000007039-21-000036,0.5027237354085603,0.21979734996102884,0.21011673151750976,0.7766406536102295,506,ling-free,C5,0.8134933710098267,0.7429821491241455,0.2505405881213214,stop
TENX-0001193125-10-165026,0.35436893203883496,0.12965964343598055,0.1407766990291262,0.6723071932792664,268,ling-free,C1,0.7509722113609314,0.6085600852966309,0.1445341025154533,stop
TENX-0001193125-10-165026,0.20194862710363154,0.04614019520851819,0.0921169176262179,0.5922917723655701,184,ling-free,C1t,0.6397559642791748,0.5513839721679688,0.08070751730565318,stop
TENX-0001193125-10-165026,0.30441898527004907,0.07868852459016393,0.1276595744680851,0.6130903959274292,266,ling-free,C2,0.7175493240356445,0.5351802110671997,0.10221366042852846,stop
TENX-0001193125-10-165026,0.1882145998240985,0.04229074889867841,0.1090589270008795,0.5315980911254883,192,ling-free,C3,0.578115701675415,0.4920090138912201,0.06929982421559194,stop
TENX-0001193125-10-165026,0.28812260536398465,0.06139677666922486,0.1210727969348659,0.603736162185669,336,ling-free,C4,0.7243877053260803,0.5175368785858154,0.10910343936731418,stop
TENX-0001193125-10-165026,0.3122730573710966,0.07127272727272728,0.11764705882352942,0.6205615401268005,378,ling-free,C5,0.7181090116500854,0.5463462471961975,0.1287305590584279,stop
ATEX-0001193125-15-219362,0.392378263937897,0.1540636042402827,0.17784050811573746,0.6710832118988037,358,ling-free,C1,0.7288843989372253,0.62177574634552,0.1744333920357475,stop
ATEX-0001193125-15-219362,0.38235294117647056,0.12622720897615708,0.14565826330532214,0.6568465232849121,396,ling-free,C1t,0.6935223340988159,0.6238549947738647,0.1665171315230545,stop
ATEX-0001193125-15-219362,0.34528163862472566,0.12747252747252746,0.1755669348939283,0.6490520238876343,320,ling-free,C2,0.7517094612121582,0.5710644721984863,0.1477595558878267,stop
ATEX-0001193125-15-219362,0.2569558101472995,0.08688524590163935,0.14402618657937807,0.6264915466308594,196,ling-free,C3,0.7222806215286255,0.5531347393989563,0.08850079292582115,stop
ATEX-0001193125-15-219362,0.2807505211952745,0.04314544189283228,0.12369701181375954,0.5666964054107666,396,ling-free,C4,0.6037324070930481,0.5339417457580566,0.12546666820501362,stop
ATEX-0001193125-15-219362,0.37331838565022424,0.11447811447811448,0.16367713004484305,0.6409626603126526,653,ling-free,C5,0.6963964700698853,0.5937032699584961,0.18751897268348486,stop
PAG-0001558370-21-001299,0.3791130185979971,0.11891117478510031,0.15879828326180256,0.6892990469932556,360,ling-free,C1,0.7342729568481445,0.6495165228843689,0.14946766791879906,stop
PAG-0001558370-21-001299,0.23821339950372208,0.07622203811101905,0.1174524400330852,0.6370192170143127,197,ling-free,C1t,0.7092646360397339,0.5781309604644775,0.08985161490165242,stop
PAG-0001558370-21-001299,0.4091858037578288,0.11707317073170732,0.17954070981210854,0.6778145432472229,363,ling-free,C2,0.7363194227218628,0.6279224157333374,0.15766889159421812,stop
PAG-0001558370-21-001299,0.4956427015250545,0.2148309705561614,0.22004357298474944,0.7300181984901428,714,ling-free,C3,0.7751973867416382,0.6898151636123657,0.2796899593976066,stop
PAG-0001558370-21-001299,0.4629981024667932,0.1849271690943635,0.2137887413029728,0.7121355533599854,500,ling-free,C4,0.7640268802642822,0.6668446063995361,0.22547573223171377,stop
PAG-0001558370-21-001299,0.486180904522613,0.21257861635220127,0.22487437185929648,0.7018964886665344,504,ling-free,C5,0.7619504928588867,0.6506173610687256,0.2366876701719084,stop
PLD-0001564590-19-002872,0.3560673162090346,0.09405501330967168,0.13640389725420726,0.6232249140739441,269,ling-free,C1,0.7265031337738037,0.5456555485725403,0.14590844476853673,stop
PLD-0001564590-19-002872,0.471608832807571,0.09320695102685625,0.1608832807570978,0.6420831084251404,423,ling-free,C1t,0.7048346996307373,0.5895916819572449,0.20055289884503327,stop
PLD-0001564590-19-002872,0.31031220435193946,0.05308056872037915,0.13812677388836328,0.6139548420906067,208,ling-free,C2,0.7431056499481201,0.5230494737625122,0.10615504361753897,stop
PLD-0001564590-19-002872,0.3737900223380491,0.07009694258016406,0.14892032762472077,0.6264659762382507,443,ling-free,C3,0.7021966576576233,0.5654799342155457,0.18008882379142357,stop
PLD-0001564590-19-002872,0.34525660964230165,0.06542056074766356,0.12286158631415241,0.596529483795166,409,ling-free,C4,0.6525761485099792,0.5493485927581787,0.1705777161164689,stop
PLD-0001564590-19-002872,0.29140271493212666,0.06165004533091569,0.12850678733031673,0.5752665996551514,266,ling-free,C5,0.6278007626533508,0.530845582485199,0.10713604472924237,stop
WSBC-0001564590-20-007827,0.4034736138944556,0.08294314381270904,0.13092852371409483,0.6703096628189087,467,ling-free,C1,0.7215737700462341,0.6258465051651001,0.18034419715842345,stop
WSBC-0001564590-20-007827,0.07722007722007722,0.005802707930367504,0.040540540540540536,0.48277392983436584,62,ling-free,C1t,0.6103779077529907,0.3992978036403656,0.025587467362924284,stop
WSBC-0001564590-20-007827,0.3412526997840173,0.050468637346791634,0.12095032397408205,0.6184070706367493,369,ling-free,C2,0.6760157346725464,0.5698459148406982,0.1415444913449218,stop
WSBC-0001564590-20-007827,0.15563506261180682,0.01792114695340502,0.07155635062611806,0.5185818672180176,144,ling-free,C3,0.617175281047821,0.4471498727798462,0.05945610588356943,stop
WSBC-0001564590-20-007827,0.1998231653404067,0.03365810451727192,0.07780725022104332,0.567156970500946,153,ling-free,C4,0.6466981172561646,0.5050392150878906,0.06818181818181818,stop
WSBC-0001564590-20-007827,0.10328638497652581,0.009407337723424272,0.046948356807511735,0.4932306706905365,87,ling-free,C5,0.5893267393112183,0.42407989501953125,0.038434641563708315,stop
PPC-0000802481-21-000015,0.48261474269819193,0.1629526462395543,0.2114047287899861,0.706014096736908,600,ling-free,C1,0.743404746055603,0.6722044348716736,0.24676274906337928,stop
PPC-0000802481-21-000015,0.22016460905349794,0.07422680412371134,0.10699588477366252,0.5836150646209717,193,ling-free,C1t,0.6211609840393066,0.5503493547439575,0.08157451767447885,stop
PPC-0000802481-21-000015,0.37303785780240073,0.0666049953746531,0.15512465373961218,0.6576352715492249,272,ling-free,C2,0.7520781755447388,0.5842655897140503,0.11449507290602691,stop
PPC-0000802481-21-000015,0.4347826086956522,0.1440536013400335,0.18227424749163879,0.6996987462043762,390,ling-free,C3,0.7590970993041992,0.6489214897155762,0.17952057632508986,stop
PPC-0000802481-21-000015,0.4030274361400189,0.1137440758293839,0.2100283822138127,0.6628714799880981,259,ling-free,C4,0.7520225048065186,0.5926175713539124,0.14331690079413628,stop
PPC-0000802481-21-000015,0.4297658862876254,0.135678391959799,0.17892976588628762,0.6781980991363525,388,ling-free,C5,0.7451145648956299,0.6223103404045105,0.1802627651580414,stop
CAL-0001683168-20-000046,0.21570482497634816,0.030331753554502367,0.10406811731315041,0.5200690031051636,251,ling-free,C1,0.6300544738769531,0.4427758455276489,0.0821504799135979,stop
CAL-0001683168-20-000046,0.2144329896907216,0.04752066115702479,0.09896907216494846,0.5081776976585388,187,ling-free,C1t,0.5874379277229309,0.44776323437690735,0.0903672515282148,stop
CAL-0001683168-20-000046,0.2123356926188069,0.030395136778115502,0.11122345803842265,0.5127882957458496,193,ling-free,C2,0.5984811186790466,0.44856148958206177,0.07593294789254103,stop
CAL-0001683168-20-000046,0.27692307692307694,0.06358381502890173,0.12115384615384615,0.5492644309997559,248,ling-free,C3,0.6520485281944275,0.47447216510772705,0.12040914576933974,stop
CAL-0001683168-20-000046,0.2864913871260199,0.05631244323342416,0.11604714415231186,0.5364559292793274,295,ling-free,C4,0.582510769367218,0.49714991450309753,0.1266796518834835,stop
CAL-0001683168-20-000046,0.2644628099173554,0.06832298136645963,0.11363636363636363,0.5281155109405518,182,ling-free,C5,0.6063567399978638,0.46775829792022705,0.10296569258496398,stop
SLB-0001564590-21-002477,0.3876251137397634,0.1276207839562443,0.14194722474977253,0.6371964812278748,318,ling-free,C1,0.7436033487319946,0.5574303269386292,0.16102797173932062,stop
SLB-0001564590-21-002477,0.10023866348448687,0.023923444976076555,0.05489260143198091,0.47925812005996704,73,ling-free,C1t,0.5846927165985107,0.40603917837142944,0.031652817075347804,stop
SLB-0001564590-21-002477,0.3493761140819964,0.1125,0.1497326203208556,0.6288968920707703,345,ling-free,C2,0.7410547733306885,0.5462261438369751,0.1558792396571003,stop
SLB-0001564590-21-002477,0.36715620827770357,0.0962566844919786,0.14819759679572764,0.6394791007041931,666,ling-free,C3,0.6918021440505981,0.5945142507553101,0.20286029882540618,stop
SLB-0001564590-21-002477,0.38205302515295714,0.08168822328114364,0.15635622025832768,0.6114629507064819,644,ling-free,C4,0.6703787446022034,0.5620661973953247,0.19359273703354382,stop
SLB-0001564590-21-002477,0.39669421487603307,0.08689655172413793,0.1460055096418733,0.6267969012260437,645,ling-free,C5,0.660629153251648,0.5962610840797424,0.2229967460497447,stop
ONDS-0001213900-20-006218,0.27727645611156687,0.05751848808545604,0.12633305988515175,0.5779024958610535,393,ling-free,C1,0.645411491394043,0.5231788158416748,0.14811170425783832,stop
ONDS-0001213900-20-006218,0.32047986289631536,0.03776824034334764,0.1165381319622965,0.5615320205688477,363,ling-free,C1t,0.6160398721694946,0.5158857703208923,0.15280362433768804,stop
ONDS-0001213900-20-006218,0.3129973474801061,0.06200177147918512,0.12201591511936342,0.5837008357048035,327,ling-free,C2,0.656875491142273,0.5251950621604919,0.14403238134945454,stop
ONDS-0001213900-20-006218,0.25050100200400804,0.07630522088353413,0.11623246492985971,0.5718177556991577,218,ling-free,C3,0.692104697227478,0.48715144395828247,0.11033206246930892,stop
ONDS-0001213900-20-006218,0.31021194605009633,0.07915057915057915,0.14065510597302505,0.6013119220733643,261,ling-free,C4,0.6843844652175903,0.5362235307693481,0.13045665968892894,stop
ONDS-0001213900-20-006218,0.2556818181818182,0.07020872865275142,0.11931818181818182,0.5659868717193604,257,ling-free,C5,0.6547771692276001,0.49840158224105835,0.12071808042681983,stop
VIRC-0001628280-21-007933,0.23752969121140144,0.061831153388822835,0.10451306413301663,0.5891600847244263,611,ling-free,C1,0.6331475973129272,0.5508876442909241,0.11639117165239457,stop
VIRC-0001628280-21-007933,0.27963525835866265,0.06849315068493152,0.11702127659574468,0.5866957306861877,279,ling-free,C1t,0.6568658947944641,0.5300706028938293,0.10684060484225015,stop
VIRC-0001628280-21-007933,0.2272,0.08333333333333333,0.11840000000000002,0.58762526512146,215,ling-free,C2,0.6765580177307129,0.5193564891815186,0.08369361296629166,stop
VIRC-0001628280-21-007933,0.14420600858369098,0.04815133276010318,0.08240343347639485,0.5493308305740356,130,ling-free,C3,0.6546560525894165,0.47319939732551575,0.05185691303412877,stop
VIRC-0001628280-21-007933,0.24386381631037213,0.07771609833465502,0.12509897070467144,0.5972830653190613,227,ling-free,C4,0.6874977946281433,0.5279982089996338,0.08792226641922928,stop
VIRC-0001628280-21-007933,0.1764234161988773,0.04337349397590362,0.0946271050521251,0.5647881031036377,199,ling-free,C5,0.6452943086624146,0.5021414756774902,0.06524406679825372,stop
CSLT-0001433714-17-000049,0.372310570626754,0.1387066541705717,0.17025257249766135,0.6526628732681274,260,ling-free,C1,0.7266969084739685,0.5923188924789429,0.1484440785307953,stop
CSLT-0001433714-17-000049,0.30337078651685395,0.06566604127579738,0.12921348314606743,0.6085805296897888,283,ling-free,C1t,0.6279051303863525,0.5904099345207214,0.13209018151388965,stop
CSLT-0001433714-17-000049,0.2669447340980188,0.08568443051201671,0.12513034410844628,0.6200340986251831,169,ling-free,C2,0.6911940574645996,0.5621587038040161,0.10258309954453013,stop
CSLT-0001433714-17-000049,0.15352260778128288,0.02107481559536354,0.07781282860147214,0.5054969191551208,168,ling-free,C3,0.5541510581970215,0.4646967649459839,0.05832585565953083,stop
CSLT-0001433714-17-000049,0.22177009155645983,0.03669724770642201,0.11800610376398779,0.5367780923843384,200,ling-free,C4,0.5734061002731323,0.5045485496520996,0.08106222643515913,stop
CSLT-0001433714-17-000049,0.19729206963249513,0.03682170542635659,0.10058027079303675,0.51593416929245,249,ling-free,C5,0.5559250712394714,0.4813106954097748,0.08987103489258767,stop
LSEAW-0001731122-21-000373,0.32111436950146627,0.1277533039647577,0.1378299120234604,0.6428620219230652,331,ling-free,C1,0.7337013483047485,0.5720382332801819,0.1301852950024234,stop
LSEAW-0001731122-21-000373,0.3895388850653819,0.17367332873880081,0.16517549896765313,0.672233521938324,398,ling-free,C1t,0.7402234673500061,0.6156827211380005,0.1764548455651744,stop
LSEAW-0001731122-21-000373,0.22626582278481014,0.07290015847860538,0.10126582278481013,0.6065183281898499,209,ling-free,C2,0.7168264389038086,0.5256320238113403,0.09263028639045326,stop
LSEAW-0001731122-21-000373,0.228125,0.03442879499217527,0.1015625,0.5810537338256836,234,ling-free,C3,0.686112642288208,0.5038961172103882,0.08340908673855636,stop
LSEAW-0001731122-21-000373,0.2532855436081242,0.03947368421052632,0.12305854241338114,0.6003888249397278,538,ling-free,C4,0.693679690361023,0.5292161703109741,0.13182989008213286,stop
LSEAW-0001731122-21-000373,0.34464751958224543,0.08235294117647059,0.15013054830287206,0.6252959966659546,437,ling-free,C5,0.6968093514442444,0.567095160484314,0.14326735565464863,stop
EZPW-0000876523-14-000102,0.4306930693069307,0.13553719008264464,0.17326732673267325,0.6722515821456909,401,ling-free,C1,0.7575857639312744,0.6041952967643738,0.16554221388367726,stop
EZPW-0000876523-14-000102,0.10913404507710557,0.02140309155766944,0.05219454329774614,0.501737654209137,79,ling-free,C1t,0.6261458992958069,0.4185720980167389,0.03720140973763216,stop
EZPW-0000876523-14-000102,0.41130298273155413,0.0770440251572327,0.141287284144427,0.6295617818832397,452,ling-free,C2,0.6680513024330139,0.595265805721283,0.17947809911170276,stop
EZPW-0000876523-14-000102,0.40706319702602234,0.09683426443202978,0.1691449814126394,0.6374185681343079,286,ling-free,C3,0.7018880844116211,0.5837960243225098,0.15116686960488987,stop
EZPW-0000876523-14-000102,0.26522593320235754,0.05118110236220472,0.1119842829076621,0.5882426500320435,221,ling-free,C4,0.6553702354431152,0.5335887670516968,0.11000524542977981,stop
EZPW-0000876523-14-000102,0.49117647058823527,0.13843888070692195,0.18529411764705883,0.654797375202179,539,ling-free,C5,0.7167032957077026,0.6027355194091797,0.2338113230741547,stop
MTDR-0001520006-21-000056,0.39720713731574864,0.1756021756021756,0.1830876648564779,0.7101337313652039,359,ling-free,C1,0.8037518262863159,0.6360491514205933,0.21082688582091638,stop
MTDR-0001520006-21-000056,0.36691236691236684,0.12961443806398687,0.1769041769041769,0.6766749024391174,323,ling-free,C1t,0.7175331711769104,0.64021897315979,0.15945821138055188,stop
MTDR-0001520006-21-000056,0.36944660950896335,0.09055425448868072,0.1652377240841777,0.6215702891349792,362,ling-free,C2,0.7074486613273621,0.5542848110198975,0.15504258895630124,stop
MTDR-0001520006-21-000056,0.37535410764872523,0.11347517730496454,0.17705382436260622,0.6344876289367676,472,ling-free,C3,0.6858937740325928,0.59024977684021,0.1867882271006182,stop
MTDR-0001520006-21-000056,0.32516339869281047,0.10474631751227495,0.16830065359477125,0.6259087324142456,304,ling-free,C4,0.7505239248275757,0.5367826223373413,0.12761853051110078,stop
MTDR-0001520006-21-000056,0.36901408450704226,0.10437235543018335,0.16760563380281693,0.6265769004821777,489,ling-free,C5,0.7026818990707397,0.5653462409973145,0.1739827673201484,stop
SFNC-0001628280-21-003318,0.25432525951557095,0.05025996533795494,0.11937716262975778,0.5881051421165466,307,ling-free,C1,0.6482983827590942,0.5381399393081665,0.1134873027498577,stop
SFNC-0001628280-21-003318,0.21052631578947367,0.027657735522904063,0.091458153580673,0.555736780166626,315,ling-free,C1t,0.6181063055992126,0.5048003196716309,0.09253511678050265,stop
SFNC-0001628280-21-003318,0.27466456195737965,0.042687747035573126,0.12312549329123915,0.5952521562576294,415,ling-free,C2,0.6491061449050903,0.549649715423584,0.10734693111878302,stop
SFNC-0001628280-21-003318,0.22731439046746105,0.023875114784205696,0.0989917506874427,0.5327145457267761,269,ling-free,C3,0.5891849994659424,0.48612216114997864,0.09626649526515876,stop
SFNC-0001628280-21-003318,0.22872827081427266,0.034830430797433545,0.09515096065873742,0.5228974223136902,270,ling-free,C4,0.5865561366081238,0.47170358896255493,0.09450476757927014,stop
SFNC-0001628280-21-003318,0.20396600566572234,0.026490066225165563,0.08687440982058547,0.4976919889450073,234,ling-free,C5,0.5625922679901123,0.4462166428565979,0.0785923753665689,stop
STSA-0001564590-21-015557,0.36049026676279744,0.11407942238267148,0.1514059120403749,0.66147780418396,372,ling-free,C1,0.6988233923912048,0.6279212236404419,0.16694775931139563,stop
STSA-0001564590-21-015557,0.31101511879049676,0.08940158615717375,0.13678905687544995,0.6262925863265991,373,ling-free,C1t,0.6501071453094482,0.6041610836982727,0.1430864461469612,stop
STSA-0001564590-21-015557,0.25840978593272174,0.056661562021439515,0.11773700305810397,0.5862596035003662,304,ling-free,C2,0.6229422092437744,0.5536569952964783,0.1103759482245318,stop
STSA-0001564590-21-015557,0.2679788039364118,0.06974981046247158,0.11809235427706284,0.5867211818695068,312,ling-free,C3,0.6104696393013,0.5647512674331665,0.11952936577572082,stop
STSA-0001564590-21-015557,0.27934621099554235,0.053571428571428575,0.12332838038632986,0.6147642135620117,342,ling-free,C4,0.6405985355377197,0.5909328460693359,0.11531006048853151,stop
STSA-0001564590-21-015557,0.3312714776632303,0.0743289745354439,0.14845360824742268,0.6255906820297241,452,ling-free,C5,0.6471327543258667,0.6054365634918213,0.15106816217603983,stop
TJX-0000109198-21-000006,0.271356783919598,0.08557046979865772,0.09715242881072027,0.6340674161911011,214,ling-free,C1,0.7237504720687866,0.5641598701477051,0.10178283261246514,stop
TJX-0000109198-21-000006,0.3086921202274574,0.11228641171684295,0.1332250203086921,0.6407078504562378,264,ling-free,C1t,0.7167376279830933,0.5792611837387085,0.12635925221351196,stop
TJX-0000109198-21-000006,0.27287853577371046,0.07833333333333334,0.1048252911813644,0.6005008220672607,223,ling-free,C2,0.6993727087974548,0.5261217951774597,0.09806623421773743,stop
TJX-0000109198-21-000006,0.23499142367066894,0.06357388316151202,0.08919382504288165,0.5962134003639221,188,ling-free,C3,0.7044917941093445,0.5167849659919739,0.08424104433885345,stop
TJX-0000109198-21-000006,0.28206850235057085,0.06724949562878278,0.10342511752854264,0.6043729186058044,444,ling-free,C4,0.6764207482337952,0.5461957454681396,0.13443259866492835,stop
TJX-0000109198-21-000006,0.1685185185185185,0.04638218923933209,0.07592592592592592,0.5628517270088196,107,ling-free,C5,0.6910377740859985,0.4747808873653412,0.0545435430971331,stop
GRWG-0001213900-20-007584,0.39398496240601505,0.08734939759036145,0.1488721804511278,0.6426271796226501,513,ling-free,C1,0.7052117586135864,0.5902453660964966,0.18787857143553502,stop
GRWG-0001213900-20-007584,0.38240574506283664,0.08453237410071941,0.1490125673249551,0.6184857487678528,336,ling-free,C1t,0.6907774209976196,0.5598915815353394,0.1650148636635685,stop
GRWG-0001213900-20-007584,0.2689434364994664,0.09839572192513368,0.128068303094984,0.6044865250587463,176,ling-free,C2,0.7095006108283997,0.5265510678291321,0.11184834850692128,stop
GRWG-0001213900-20-007584,0.3415597235932873,0.11473788328387736,0.140177690029615,0.6240684986114502,244,ling-free,C3,0.7107531428337097,0.5562297105789185,0.14327783976736408,stop
GRWG-0001213900-20-007584,0.3857677902621723,0.12757973733583491,0.16292134831460675,0.6975294947624207,332,ling-free,C4,0.7896850109100342,0.6246350407600403,0.15760302335447632,stop
GRWG-0001213900-20-007584,0.40932265112891475,0.13129102844638948,0.1733430444282593,0.6487159729003906,569,ling-free,C5,0.7163205146789551,0.5927716493606567,0.21881904976494174,stop
RIVE-0001193125-21-077350,0.24902114330462022,0.0611764705882353,0.10649960845732186,0.6210616230964661,221,ling-free,C1,0.747725784778595,0.5310946702957153,0.08143399608122212,stop
RIVE-0001193125-21-077350,0.3717041800643087,0.07083065035415326,0.13247588424437298,0.6363916397094727,481,ling-free,C1t,0.6932928562164307,0.5881223082542419,0.1634059834644968,stop
RIVE-0001193125-21-077350,0.28858578607322327,0.056074766355140186,0.12060301507537688,0.6080769896507263,341,ling-free,C2,0.7112376093864441,0.5310512781143188,0.11537199639517227,stop
RIVE-0001193125-21-077350,0.35903083700440525,0.06504961411245866,0.13656387665198236,0.6124882102012634,710,ling-free,C3,0.6695398092269897,0.5643959641456604,0.17168533339450384,stop
RIVE-0001193125-21-077350,0.3020231213872832,0.06512301013024602,0.12716763005780346,0.6152026057243347,322,ling-free,C4,0.7224238514900208,0.5356953144073486,0.1189420324559176,stop
RIVE-0001193125-21-077350,0.33874107722258273,0.08836907082521117,0.11940298507462688,0.6273277997970581,469,ling-free,C5,0.7170608043670654,0.5575553178787231,0.15339422791623863,stop
FBRX-0001564590-21-013249,0.4025854108956602,0.12950971322849214,0.17543859649122806,0.6399533748626709,331,ling-free,C1,0.7026981115341187,0.5874952077865601,0.16798344453125214,stop
FBRX-0001564590-21-013249,0.4909871244635192,0.18572656921754083,0.25236051502145923,0.6792911887168884,406,ling-free,C1t,0.7401555776596069,0.6276761293411255,0.24029478396767368,stop
FBRX-0001564590-21-013249,0.41038961038961047,0.10581092801387684,0.18181818181818182,0.636984646320343,404,ling-free,C2,0.7205089330673218,0.5708136558532715,0.18357282203587239,stop
FBRX-0001564590-21-013249,0.29375,0.09394572025052192,0.14375,0.6232864260673523,219,ling-free,C3,0.7257750034332275,0.5461615324020386,0.12409463312068104,stop
FBRX-0001564590-21-013249,0.3868544600938967,0.12041392285983069,0.17464788732394365,0.6510239243507385,315,ling-free,C4,0.7404688596725464,0.5808590650558472,0.16189675252904523,stop
FBRX-0001564590-21-013249,0.4132841328413284,0.1423290203327172,0.14944649446494462,0.650184690952301,334,ling-free,C5,0.7314690351486206,0.5851589441299438,0.18599396659372178,stop
DSL-0001072613-05-000757,0.1318101933216169,0.03169014084507042,0.07381370826010544,0.5766699314117432,133,ling-free,C1,0.6468052864074707,0.5202566385269165,0.04853897679836909,stop
DSL-0001072613-05-000757,0.2222222222222222,0.05237315875613748,0.09640522875816993,0.6193938851356506,211,ling-free,C1t,0.6930056214332581,0.5599187612533569,0.09586501288120984,stop
DSL-0001072613-05-000757,0.1270962047661077,0.03359858532272325,0.07413945278022949,0.5678106546401978,129,ling-free,C2,0.6402840614318848,0.5100754499435425,0.04564879564879565,stop
DSL-0001072613-05-000757,0.2480739599383667,0.057098765432098755,0.11093990755007704,0.625038206577301,287,ling-free,C3,0.6644914150238037,0.5900074243545532,0.10102094189323041,stop
DSL-0001072613-05-000757,0.408812729498164,0.09926470588235295,0.15177478580171358,0.7154800891876221,721,ling-free,C4,0.7205501794815063,0.710480809211731,0.21305983509574924,stop
DSL-0001072613-05-000757,0.3803363518758085,0.11139896373056994,0.15265200517464425,0.7126449346542358,621,ling-free,C5,0.7247953414916992,0.7008951902389526,0.19225263423421152,stop
AEE-0001002910-21-000065,0.2825082508250825,0.055518836748182414,0.1386138613861386,0.6069418787956238,469,ling-free,C1,0.7152953743934631,0.5270968675613403,0.11344027746125797,stop
AEE-0001002910-21-000065,0.036328871892925434,0.00574712643678161,0.02294455066921606,0.43642014265060425,32,ling-free,C1t,0.5904982089996338,0.3461100161075592,0.014286521666667322,stop
AEE-0001002910-21-000065,0.23022598870056502,0.018387553041018388,0.12288135593220338,0.5735456347465515,384,ling-free,C2,0.6736941337585449,0.4993189573287964,0.09129126326625259,stop
AEE-0001002910-21-000065,0.18305084745762715,0.027164685908319185,0.09322033898305085,0.5503581762313843,159,ling-free,C3,0.6705101132392883,0.4667237401008606,0.06394015349208475,stop
AEE-0001002910-21-000065,0.19391947411668037,0.01316872427983539,0.09860312243221035,0.5564379096031189,194,ling-free,C4,0.662542462348938,0.4796268343925476,0.058789856535095414,stop
AEE-0001002910-21-000065,0.20374898125509375,0.017959183673469388,0.10757946210268948,0.5634142160415649,200,ling-free,C5,0.6727727651596069,0.48463699221611023,0.07035969787660969,stop
CSV-0001016281-21-000071,0.5424266455194291,0.1858617950754567,0.20777160983346551,0.7679372429847717,673,ling-free,C1,0.7656890153884888,0.7701987624168396,0.2932106670555647,stop
CSV-0001016281-21-000071,0.39330543933054396,0.08019150209455417,0.1542139868499701,0.6667486429214478,1014,ling-free,C1t,0.635757565498352,0.700916051864624,0.2557287532741967,stop
CSV-0001016281-21-000071,0.40560949298813376,0.09945945945945946,0.1769147788565264,0.6429664492607117,254,ling-free,C2,0.7327189445495605,0.5728025436401367,0.16215020298589963,stop
CSV-0001016281-21-000071,0.38872104733131924,0.08072653884964683,0.1812688821752266,0.6252473592758179,317,ling-free,C3,0.6907884478569031,0.5710654258728027,0.16960468843770177,stop
CSV-0001016281-21-000071,0.31742243436754175,0.08373205741626795,0.1503579952267303,0.6254575252532959,171,ling-free,C4,0.6908676624298096,0.5713620185852051,0.14183177741885475,stop
CSV-0001016281-21-000071,0.4929859719438878,0.1686746987951807,0.24849699398797595,0.6700658202171326,323,ling-free,C5,0.7382280826568604,0.6134268045425415,0.24262348506582368,stop
BOXL-0001493152-21-007447,0.443791329904482,0.15305371596762327,0.19838354151359294,0.6660560965538025,449,ling-free,C1,0.7288100719451904,0.6132521629333496,0.18300005902489197,stop
BOXL-0001493152-21-007447,0.3016564952048823,0.08908296943231442,0.13600697471665216,0.6233280897140503,265,ling-free,C1t,0.6752982139587402,0.5787855982780457,0.1256275886441873,stop
BOXL-0001493152-21-007447,0.2935622317596567,0.07910576096302666,0.1390557939914163,0.6092561483383179,271,ling-free,C2,0.6687761545181274,0.5594646334648132,0.10571657300531981,stop
BOXL-0001493152-21-007447,0.34090909090909094,0.10099573257467993,0.16761363636363635,0.6433396339416504,478,ling-free,C3,0.7029144763946533,0.5930742025375366,0.16571461620183456,stop
BOXL-0001493152-21-007447,0.3016157989228007,0.08992805755395683,0.13464991023339318,0.61345374584198,224,ling-free,C4,0.7123329639434814,0.5386794805526733,0.1059867976306946,stop
BOXL-0001493152-21-007447,0.3774471417384495,0.11294117647058823,0.15661707126076743,0.6327500343322754,371,ling-free,C5,0.6777361631393433,0.5933642387390137,0.1678363098672395,stop
FCCY-0001141807-21-000005,0.40371621621621623,0.09983079526226735,0.17567567567567566,0.640605628490448,417,qwen37,C1,0.6606012582778931,0.6217848658561707,0.18898489751766046,stop
FCCY-0001141807-21-000005,0.1350407450523865,0.018669778296382732,0.07916181606519207,0.5484639406204224,110,qwen37,C1t,0.6011108160018921,0.5042963027954102,0.052245184953154694,stop
FCCY-0001141807-21-000005,0.3324894514767932,0.084530853761623,0.15696202531645567,0.6406758427619934,394,qwen37,C2,0.7052369713783264,0.5869439840316772,0.15027529265958994,stop
FCCY-0001141807-21-000005,0.3235014272121789,0.05910390848427073,0.1389153187440533,0.6076877117156982,277,qwen37,C3,0.6942496299743652,0.5403186082839966,0.1140216157496398,stop
FCCY-0001141807-21-000005,0.2875457875457875,0.06055045871559633,0.1391941391941392,0.6643009185791016,350,qwen37,C4,0.7338600754737854,0.6067864298820496,0.11706393517976935,stop
FCCY-0001141807-21-000005,0.2732123799359658,0.051336898395721926,0.1344717182497332,0.6658897399902344,202,qwen37,C5,0.7553467154502869,0.5953781604766846,0.09939926577548139,stop
PEI-0001564590-21-013558,0.3401552575864502,0.0706713780918728,0.12844036697247707,0.6272633075714111,396,qwen37,C1,0.6741893291473389,0.586444616317749,0.1500904620311502,stop
PEI-0001564590-21-013558,0.3438395415472779,0.07890961262553801,0.12177650429799428,0.6202473044395447,377,qwen37,C1t,0.6708076596260071,0.5767744779586792,0.14078860532747356,stop
PEI-0001564590-21-013558,0.31372549019607837,0.05891238670694864,0.12066365007541478,0.6343187689781189,326,qwen37,C2,0.6605961322784424,0.6100519299507141,0.12435830882636421,stop
PEI-0001564590-21-013558,0.20654911838790932,0.04373423044575273,0.09571788413098235,0.616676926612854,188,qwen37,C3,0.6719565391540527,0.5698013305664062,0.07383264277984891,stop
PEI-0001564590-21-013558,0.2868277474668745,0.048399687743950044,0.12159002338269682,0.6437435746192932,302,qwen37,C4,0.6728588342666626,0.6170434951782227,0.10682412675035334,stop
PEI-0001564590-21-013558,0.18103448275862072,0.03626943005181347,0.09482758620689655,0.6374597549438477,169,qwen37,C5,0.7003302574157715,0.5849474668502808,0.06508460563714229,stop
FTK-0000928054-21-000044,0.6481994459833796,0.28432732316227466,0.2811634349030471,0.7473074793815613,687,qwen37,C1,0.7624099254608154,0.7327918410301208,0.35591716967282716,stop
FTK-0000928054-21-000044,0.13597033374536463,0.03469640644361834,0.0815822002472188,0.555418074131012,96,qwen37,C1t,0.6097752451896667,0.509958803653717,0.05022648380769689,stop
FTK-0000928054-21-000044,0.43500866551126516,0.13715277777777776,0.17677642980935876,0.6404795050621033,423,qwen37,C2,0.665316641330719,0.6174299716949463,0.19533469485093463,stop
FTK-0000928054-21-000044,0.4761904761904762,0.17052023121387283,0.1904761904761905,0.7058491706848145,647,qwen37,C3,0.7780763506889343,0.6458922624588013,0.25182245220929944,stop
FTK-0000928054-21-000044,0.44847485572959606,0.1337737407101569,0.17807089859851608,0.6573279500007629,467,qwen37,C4,0.6816308498382568,0.6346983909606934,0.21279631279755198,stop
FTK-0000928054-21-000044,0.42045454545454547,0.14231499051233396,0.1856060606060606,0.6995486617088318,355,qwen37,C5,0.7629494667053223,0.6458765268325806,0.18904087926125313,stop
SOI-0001697500-21-000019,0.4223363286264442,0.12596401028277635,0.17843388960205392,0.6798240542411804,578,qwen37,C1,0.7237931489944458,0.6408910751342773,0.2098544281263534,stop
SOI-0001697500-21-000019,0.19503219871205152,0.05714285714285714,0.09567617295308188,0.6081205606460571,150,qwen37,C1t,0.6680848598480225,0.5580339431762695,0.07623471357163647,stop
SOI-0001697500-21-000019,0.3304578633045786,0.08903654485049832,0.1247511612475116,0.6530858278274536,507,qwen37,C2,0.6897716522216797,0.6201052069664001,0.13274187086014272,stop
SOI-0001697500-21-000019,0.3219349457881568,0.12698412698412698,0.15346121768140114,0.6420918703079224,245,qwen37,C3,0.7179273366928101,0.5807468891143799,0.13369218173357125,stop
SOI-0001697500-21-000019,0.3388157894736842,0.12355848434925863,0.14802631578947367,0.6665813326835632,269,qwen37,C4,0.7290135622024536,0.6139988899230957,0.1371096135649375,stop
SOI-0001697500-21-000019,0.30338983050847457,0.12903225806451613,0.17796610169491525,0.6685190200805664,237,qwen37,C5,0.7390366196632385,0.6102864742279053,0.1247433594479421,stop
ORGO-0001193125-21-082849,0.3554891710231516,0.15856394913986538,0.20313666915608664,0.69090336561203,316,qwen37,C1,0.7030569314956665,0.679162859916687,0.14058945789007465,stop
ORGO-0001193125-21-082849,0.27520235467255333,0.06632277081798084,0.13686534216335539,0.6954568028450012,406,qwen37,C1t,0.6790208220481873,0.7127081155776978,0.12538350701177783,stop
ORGO-0001193125-21-082849,0.3398203592814371,0.10494752623688157,0.1661676646706587,0.6502715945243835,310,qwen37,C2,0.7112681865692139,0.5989105701446533,0.11609141537493785,stop
ORGO-0001193125-21-082849,0.35285053929121724,0.11574074074074073,0.17103235747303544,0.6606798768043518,271,qwen37,C3,0.7396734356880188,0.5969305038452148,0.12368793185930396,stop
ORGO-0001193125-21-082849,0.287375415282392,0.11148086522462564,0.16943521594684388,0.6736383438110352,185,qwen37,C4,0.7615314722061157,0.6039344668388367,0.08726038065015469,stop
ORGO-0001193125-21-082849,0.42580645161290326,0.16941852117731512,0.22078853046594982,0.6845598816871643,338,qwen37,C5,0.7404677867889404,0.6365017890930176,0.18030073003291058,stop
WELL-0001564590-21-015812,0.48824343015214383,0.26869806094182824,0.2503457814661134,0.7414380311965942,410,qwen37,C1,0.7724054455757141,0.7128579616546631,0.20757806860611183,stop
WELL-0001564590-21-015812,0.0913978494623656,0.008976660682226212,0.059139784946236555,0.4805253744125366,109,qwen37,C1t,0.5563899278640747,0.4228668808937073,0.033072760072158744,stop
WELL-0001564590-21-015812,0.3625450180072029,0.09975961538461538,0.17046818727490998,0.6638167500495911,568,qwen37,C2,0.6837857365608215,0.6449809074401855,0.14885231696922907,stop
WELL-0001564590-21-015812,0.30930930930930933,0.12631578947368421,0.18468468468468469,0.6524953246116638,295,qwen37,C3,0.7293004989624023,0.5903260707855225,0.10493294771854435,stop
WELL-0001564590-21-015812,0.176,0.08192341941228852,0.12266666666666667,0.613545835018158,112,qwen37,C4,0.6988624334335327,0.5467936992645264,0.05639870240853211,stop
WELL-0001564590-21-015812,0.3297180043383948,0.1259956553222303,0.19378163412870572,0.6737472414970398,344,qwen37,C5,0.7767700552940369,0.594852089881897,0.11440758845506976,stop
AMAL-0001823608-21-000010,0.2400648824006488,0.05848903330625508,0.09894566098945659,0.6039882898330688,194,qwen37,C1,0.7012577056884766,0.5304158926010132,0.08729915679320464,stop
AMAL-0001823608-21-000010,0.18592964824120603,0.04362416107382551,0.09045226130653265,0.6176452040672302,166,qwen37,C1t,0.6797891855239868,0.5659114718437195,0.06623799875408093,stop
AMAL-0001823608-21-000010,0.2953197099538563,0.03300330033003301,0.14106789716545812,0.6182645559310913,421,qwen37,C2,0.7103906869888306,0.5472899675369263,0.12077733838000008,stop
AMAL-0001823608-21-000010,0.2351145038167939,0.03822629969418961,0.12061068702290074,0.6102913618087769,243,qwen37,C3,0.7255513668060303,0.5266314744949341,0.08697240905293498,stop
AMAL-0001823608-21-000010,0.2963483146067416,0.03656821378340366,0.12640449438202245,0.6444592475891113,371,qwen37,C4,0.7073665857315063,0.5918270349502563,0.11289509520631259,stop
AMAL-0001823608-21-000010,0.10036496350364964,0.007312614259597806,0.058394160583941604,0.5737730264663696,66,qwen37,C5,0.7143592238426208,0.4794224798679352,0.028483787204868227,stop
CCO-0001271833-21-000004,0.3236994219653179,0.07459807073954984,0.14258188824662812,0.6231566071510315,503,qwen37,C1,0.6785008311271667,0.5761600732803345,0.14948952626014164,stop
CCO-0001271833-21-000004,0.38303341902313626,0.13384813384813385,0.15167095115681234,0.647707998752594,513,qwen37,C1t,0.6851707696914673,0.6141296029090881,0.1836519476695523,stop
CCO-0001271833-21-000004,0.24324324324324326,0.02706027060270603,0.12162162162162163,0.5903837084770203,531,qwen37,C2,0.6909703016281128,0.5153610110282898,0.10791710438353547,stop
CCO-0001271833-21-000004,0.17353951890034366,0.049913941480206545,0.0893470790378007,0.587974488735199,124,qwen37,C3,0.7525290250778198,0.4824727773666382,0.055715849169236886,stop
CCO-0001271833-21-000004,0.23694466095089634,0.06088992974238876,0.12626656274356976,0.6412702798843384,246,qwen37,C4,0.7768429517745972,0.5459862351417542,0.08862755205213488,stop
CCO-0001271833-21-000004,0.21864951768488747,0.07890499194847021,0.13504823151125403,0.6275547742843628,206,qwen37,C5,0.8120291233062744,0.5113807320594788,0.08776276617155737,stop
MERC-0001564590-20-004625,0.4564204923486361,0.18121252498334445,0.19960079840319364,0.7028008699417114,457,qwen37,C1,0.7477635145187378,0.6629387140274048,0.20172170241362972,stop
MERC-0001564590-20-004625,0.3205211726384365,0.06653620352250489,0.1263843648208469,0.6254796981811523,518,qwen37,C1t,0.6372323632240295,0.6141526699066162,0.14675654946392774,stop
MERC-0001564590-20-004625,0.3594578668238067,0.09439528023598819,0.16735415439010015,0.6708602905273438,592,qwen37,C2,0.7349698543548584,0.6170376539230347,0.16184054340896392,stop
MERC-0001564590-20-004625,0.3356752537080406,0.109460516028147,0.16393442622950818,0.6582344770431519,254,qwen37,C3,0.7486598491668701,0.5872988104820251,0.09859624920744131,stop
MERC-0001564590-20-004625,0.3513713862120089,0.09502598366740905,0.15270570793180133,0.6775437593460083,318,qwen37,C4,0.7373549938201904,0.6267077922821045,0.11802146187324579,stop
MERC-0001564590-20-004625,0.3403263403263403,0.11050583657587548,0.1585081585081585,0.6589664220809937,260,qwen37,C5,0.7473151683807373,0.5892985463142395,0.1000220184132913,stop
KIRK-0001564590-21-015837,0.3757455268389662,0.17131474103585656,0.1610337972166998,0.6870588064193726,243,qwen37,C1,0.7634963989257812,0.624533474445343,0.1465343299757159,stop
KIRK-0001564590-21-015837,0.102803738317757,0.016393442622950817,0.06542056074766354,0.47953206300735474,108,qwen37,C1t,0.5637813806533813,0.41718894243240356,0.05277848269280921,stop
KIRK-0001564590-21-015837,0.2906520031421838,0.045633359559402044,0.14454045561665357,0.6174342036247253,460,qwen37,C2,0.7148974537849426,0.5433573126792908,0.11565357719203875,stop
KIRK-0001564590-21-015837,0.26354941551540917,0.025559105431309903,0.12752391073326247,0.6066367030143738,186,qwen37,C3,0.7047410011291504,0.5325082540512085,0.08485273492286116,stop
KIRK-0001564590-21-015837,0.2831379621280433,0.036133694670280034,0.13706041478809738,0.6048982739448547,344,qwen37,C4,0.6996543407440186,0.5327469110488892,0.10212474297464018,stop
KIRK-0001564590-21-015837,0.3121852970795569,0.038345105953582245,0.14300100704934543,0.6130857467651367,231,qwen37,C5,0.7111843824386597,0.5387694835662842,0.1009608689597549,stop
AGYS-0001564590-20-026737,0.43012309920347574,0.15953589557650472,0.18392469225199132,0.7034227252006531,404,qwen37,C1,0.780638575553894,0.6401074528694153,0.1532367229452664,stop
AGYS-0001564590-20-026737,0.1320754716981132,0.022684310018903593,0.0660377358490566,0.5343982577323914,125,qwen37,C1t,0.6227173805236816,0.4680197238922119,0.054206022169775284,stop
AGYS-0001564590-20-026737,0.32352941176470584,0.05756358768406961,0.13636363636363635,0.6343554258346558,466,qwen37,C2,0.7102173566818237,0.5731358528137207,0.13883620475394354,stop
AGYS-0001564590-20-026737,0.26955848179705655,0.054305663304887515,0.1471727343144849,0.6200303435325623,316,qwen37,C3,0.7544853687286377,0.5262487530708313,0.08044980165100038,stop
AGYS-0001564590-20-026737,0.29543808834178137,0.05946337926033358,0.14192614047791458,0.6160044074058533,410,qwen37,C4,0.7181272506713867,0.5393105745315552,0.11732260911024234,stop
AGYS-0001564590-20-026737,0.3056300268096515,0.05906040268456376,0.1514745308310992,0.6112444996833801,522,qwen37,C5,0.7058966755867004,0.5389745235443115,0.1441593579156528,stop
GRSVW-0001564590-21-009507,0.3273809523809524,0.10432190760059613,0.125,0.6634147763252258,278,qwen37,C1,0.7143939733505249,0.6192267537117004,0.1342277464632518,stop
GRSVW-0001564590-21-009507,0.30441400304414,0.1051829268292683,0.12785388127853883,0.6548642516136169,254,qwen37,C1t,0.7093238830566406,0.6081708669662476,0.12076183057846024,stop
GRSVW-0001564590-21-009507,0.16861435726210353,0.04347826086956521,0.08681135225375626,0.6256120204925537,164,qwen37,C2,0.6876142024993896,0.5738665461540222,0.06724014200850725,stop
GRSVW-0001564590-21-009507,0.07327971403038426,0.010743061772605192,0.04289544235924933,0.5056056380271912,79,qwen37,C3,0.596953272819519,0.4385043680667877,0.02908652296900207,stop
GRSVW-0001564590-21-009507,0.22150363783346808,0.07125506072874495,0.11317704122877931,0.6697625517845154,214,qwen37,C4,0.7224604487419128,0.6242297887802124,0.0806730324985233,stop
GRSVW-0001564590-21-009507,0.133920704845815,0.05648720211827008,0.08105726872246696,0.6585726141929626,106,qwen37,C5,0.7644407749176025,0.5784610509872437,0.04850085290857772,stop
CIA-0000024090-21-000012,0.40768702814001373,0.118213058419244,0.14687714481811942,0.6987766027450562,680,qwen37,C1,0.7538774013519287,0.6511818170547485,0.22681265327797967,stop
CIA-0000024090-21-000012,0.39685039370078734,0.11356466876971608,0.14173228346456693,0.630574107170105,409,qwen37,C1t,0.6845396757125854,0.5844955444335938,0.17988249888784602,stop
CIA-0000024090-21-000012,0.447561790247161,0.1391304347826087,0.16967267869071476,0.6584648489952087,616,qwen37,C2,0.7178472280502319,0.6081564426422119,0.2445640487281628,stop
CIA-0000024090-21-000012,0.40353697749196143,0.12721417069243157,0.16237942122186497,0.6638100147247314,395,qwen37,C3,0.7309505939483643,0.6079660654067993,0.1796588314320843,stop
CIA-0000024090-21-000012,0.3651732882502113,0.11515664690939882,0.147083685545224,0.6865033507347107,381,qwen37,C4,0.7717676162719727,0.6182045936584473,0.16242180736613934,stop
CIA-0000024090-21-000012,0.4153094462540716,0.12071778140293639,0.16123778501628663,0.6419642567634583,373,qwen37,C5,0.7205683588981628,0.578822672367096,0.18072101420721598,stop
ALTO-0001213900-21-017995,0.35113268608414244,0.1620745542949757,0.19093851132686085,0.6422469019889832,265,qwen37,C1,0.7479076385498047,0.5627449750900269,0.1414401801738352,stop
ALTO-0001213900-21-017995,0.32776451869530626,0.13545816733067728,0.15592680986475735,0.6228535175323486,291,qwen37,C1t,0.6969686150550842,0.562985897064209,0.1283165737100945,stop
ALTO-0001213900-21-017995,0.33103448275862074,0.1022099447513812,0.15448275862068964,0.6125680804252625,443,qwen37,C2,0.6961184740066528,0.5469244718551636,0.13999927372367754,stop
ALTO-0001213900-21-017995,0.3247462919594067,0.1266614542611415,0.14363778298204527,0.6184924840927124,310,qwen37,C3,0.7255652546882629,0.5389577150344849,0.14007229598722562,stop
ALTO-0001213900-21-017995,0.30431244914564687,0.11735941320293398,0.1383238405207486,0.6708125472068787,301,qwen37,C4,0.7742663621902466,0.5917462110519409,0.12681678738711855,stop
ALTO-0001213900-21-017995,0.2823529411764706,0.12121212121212122,0.1445378151260504,0.6635284423828125,258,qwen37,C5,0.7769529819488525,0.5790020823478699,0.11313935631035572,stop
CPB-0000016732-19-000070,0.2641509433962264,0.06896551724137931,0.14650388457269703,0.5906496047973633,176,qwen37,C1,0.6807408928871155,0.5216172337532043,0.08124268815806575,stop
CPB-0000016732-19-000070,0.3817258883248731,0.1525940996948118,0.18071065989847715,0.6577863097190857,269,qwen37,C1t,0.712810754776001,0.6106481552124023,0.15213525090892147,stop
CPB-0000016732-19-000070,0.2810625535561268,0.048068669527897,0.18851756640959724,0.5976083874702454,430,qwen37,C2,0.6974514722824097,0.5227714776992798,0.13926301440913608,stop
CPB-0000016732-19-000070,0.2989265070189926,0.04797353184449959,0.19983484723369116,0.5932048559188843,465,qwen37,C3,0.68310546875,0.5242151021957397,0.1445092027356138,stop
CPB-0000016732-19-000070,0.2545454545454545,0.02276176024279211,0.15454545454545454,0.5719541311264038,590,qwen37,C4,0.645432710647583,0.5134958028793335,0.15147066440371731,stop
CPB-0000016732-19-000070,0.2862862862862863,0.056168505516549644,0.18218218218218218,0.5923367738723755,270,qwen37,C5,0.7028677463531494,0.5118454098701477,0.12393580411784215,stop
MTOR-0001113256-20-000123,0.36377358490566036,0.1541950113378685,0.16452830188679246,0.6499812006950378,330,qwen37,C1,0.7414368391036987,0.5786100625991821,0.15021034128076893,stop
MTOR-0001113256-20-000123,0.34445306439100076,0.1554001554001554,0.16912335143522111,0.6541461944580078,293,qwen37,C1t,0.7577449083328247,0.5754682421684265,0.14200891402412102,stop
MTOR-0001113256-20-000123,0.32595573440643866,0.04566823371390194,0.1596244131455399,0.6057929992675781,492,qwen37,C2,0.6920570135116577,0.5386508703231812,0.13817248612397115,stop
MTOR-0001113256-20-000123,0.19162526614620298,0.029850746268656716,0.12207239176721078,0.5797927379608154,410,qwen37,C3,0.7012894153594971,0.4941776394844055,0.07038123167155425,stop
MTOR-0001113256-20-000123,0.2790395846852693,0.028589993502274202,0.15444516547696302,0.5947479605674744,543,qwen37,C4,0.7015724182128906,0.5161557793617249,0.13186390337809115,stop
MTOR-0001113256-20-000123,0.27873563218390807,0.033093525179856115,0.15660919540229887,0.5763718485832214,399,qwen37,C5,0.6804776191711426,0.4998934864997864,0.10358955669774393,stop
LZB-0001047469-19-003700,0.24096385542168677,0.07401448109412712,0.1172690763052209,0.6265419721603394,221,qwen37,C1,0.6820131540298462,0.579415500164032,0.0920156559227657,stop
LZB-0001047469-19-003700,0.3713733075435203,0.11878631375080698,0.1470019342359768,0.6666645407676697,525,qwen37,C1t,0.711521565914154,0.627128005027771,0.1555733660487636,stop
LZB-0001047469-19-003700,0.3455425017277125,0.09134948096885813,0.13407049067035245,0.6493870615959167,405,qwen37,C2,0.683276891708374,0.6187002062797546,0.1412969844464641,stop
LZB-0001047469-19-003700,0.2449637389202256,0.07425343018563357,0.1144238517324738,0.6268911361694336,207,qwen37,C3,0.6919697523117065,0.5730013251304626,0.08004101210121012,stop
LZB-0001047469-19-003700,0.24775876120619394,0.07673469387755102,0.14343928280358598,0.6235447525978088,203,qwen37,C4,0.688479483127594,0.56980299949646,0.08792458238505775,stop
LZB-0001047469-19-003700,0.28257456828885397,0.0959119496855346,0.12872841444270017,0.6509577631950378,240,qwen37,C5,0.7169567346572876,0.5960855484008789,0.10687674247735861,stop
ATR-0000896622-21-000005,0.44052287581699345,0.10471204188481674,0.1568627450980392,0.7060433030128479,603,qwen37,C1,0.7220333218574524,0.6907461285591125,0.2075753305749697,stop
ATR-0000896622-21-000005,0.38181818181818183,0.0868347338935574,0.13846153846153847,0.6639392375946045,488,qwen37,C1t,0.678442656993866,0.6500428915023804,0.16804643079306716,stop
ATR-0000896622-21-000005,0.3366488140780413,0.08735632183908047,0.12241775057383321,0.6725413203239441,365,qwen37,C2,0.6984692215919495,0.6484695672988892,0.1455212252510141,stop
ATR-0000896622-21-000005,0.30580539656582173,0.08026208026208026,0.1357318070318888,0.689308226108551,307,qwen37,C3,0.7221126556396484,0.6593548059463501,0.12645556095305802,stop
ATR-0000896622-21-000005,0.35092936802973973,0.0953090096798213,0.13234200743494426,0.6521849036216736,393,qwen37,C4,0.6843386888504028,0.6229170560836792,0.15273572137741576,stop
ATR-0000896622-21-000005,0.30091438071487947,0.08159866777685262,0.13133832086450542,0.6942526698112488,287,qwen37,C5,0.7276822924613953,0.6637595891952515,0.12325432007005241,stop
GOEVW-0001558370-21-003823,0.39936356404136836,0.14820717131474104,0.18138424821002386,0.6618785858154297,343,qwen37,C1,0.7091890573501587,0.6204855442047119,0.16610613803748572,stop
GOEVW-0001558370-21-003823,0.2905982905982906,0.07363013698630137,0.1282051282051282,0.6232824325561523,266,qwen37,C1t,0.6584785580635071,0.5916579961776733,0.11642210081989994,stop
GOEVW-0001558370-21-003823,0.37090327737809753,0.11369095276220977,0.15987210231814547,0.6361861228942871,341,qwen37,C2,0.67514568567276,0.6014776229858398,0.15273897361664335,stop
GOEVW-0001558370-21-003823,0.3505323505323505,0.11484823625922888,0.1638001638001638,0.6388963460922241,310,qwen37,C3,0.6844418048858643,0.5990341901779175,0.14378434834959197,stop
GOEVW-0001558370-21-003823,0.3617363344051447,0.10628019323671496,0.1607717041800643,0.6386949419975281,335,qwen37,C4,0.6783217191696167,0.6034425497055054,0.15579728856934857,stop
GOEVW-0001558370-21-003823,0.2938706968933669,0.07232968881412952,0.14441645675902604,0.6550036072731018,326,qwen37,C5,0.6807497143745422,0.6311339735984802,0.12290653223624352,stop
UMBF-0001564590-19-005761,0.2884955752212389,0.07092198581560284,0.13628318584070795,0.6092888116836548,393,qwen37,C1,0.6906570196151733,0.5450722575187683,0.12539530650849978,stop
UMBF-0001564590-19-005761,0.18269230769230768,0.03614457831325302,0.07932692307692307,0.5388711094856262,131,qwen37,C1t,0.6244974136352539,0.473894327878952,0.07166707212551382,stop
UMBF-0001564590-19-005761,0.19541984732824424,0.021406727828746176,0.09465648854961832,0.5704478025436401,536,qwen37,C2,0.6513470411300659,0.5074242353439331,0.10919187166945961,stop
UMBF-0001564590-19-005761,0.1895815542271563,0.013686911890504704,0.0990606319385141,0.5629170536994934,400,qwen37,C3,0.6644902229309082,0.4882793128490448,0.09730994463640419,stop
UMBF-0001564590-19-005761,0.1519607843137255,0.013496932515337423,0.0894607843137255,0.5590130686759949,815,qwen37,C4,0.6496147513389587,0.49059051275253296,0.10567981144030851,stop
UMBF-0001564590-19-005761,0.21181716833890749,0.05139664804469273,0.12486064659977704,0.5756908059120178,185,qwen37,C5,0.7323426008224487,0.47424694895744324,0.08669999984142086,stop
UIHC-0001401521-21-000013,0.3990860624523991,0.11899313501144165,0.15232292460015232,0.6362996101379395,408,qwen37,C1,0.6933715343475342,0.5879083275794983,0.1771545206820054,stop
UIHC-0001401521-21-000013,0.3322314049586777,0.09105960264900662,0.12727272727272726,0.6088742017745972,309,qwen37,C1t,0.6649866700172424,0.5614945292472839,0.14398508849282746,stop
UIHC-0001401521-21-000013,0.2702222222222222,0.07123775601068566,0.12088888888888889,0.5982934832572937,224,qwen37,C2,0.6761017441749573,0.5365458726882935,0.1078392973837397,stop
UIHC-0001401521-21-000013,0.23731884057971017,0.034482758620689655,0.10326086956521739,0.5633123517036438,206,qwen37,C3,0.6517066955566406,0.4960327744483948,0.0867168232097377,stop
UIHC-0001401521-21-000013,0.2776304155614501,0.07971656333038087,0.1220159151193634,0.6010342240333557,230,qwen37,C4,0.6753725409507751,0.541438102722168,0.10148723784512283,stop
UIHC-0001401521-21-000013,0.2218045112781955,0.04708097928436911,0.09774436090225563,0.5830470323562622,157,qwen37,C5,0.6807321310043335,0.5098793506622314,0.07639758950047885,stop
ARYA-0001213900-19-004781,0.521505376344086,0.1813285457809695,0.18996415770609318,0.7249721884727478,525,qwen37,C1,0.7453556060791016,0.7056739330291748,0.28714359881596463,stop
ARYA-0001213900-19-004781,0.5166795965865012,0.22688422688422688,0.22653219550038792,0.6928596496582031,631,qwen37,C1t,0.7190843820571899,0.668480396270752,0.32699203211647904,stop
ARYA-0001213900-19-004781,0.42914979757085026,0.1359026369168357,0.15182186234817813,0.6919025182723999,376,qwen37,C2,0.7041213512420654,0.6801005601882935,0.2200054546285303,stop
ARYA-0001213900-19-004781,0.4727863525588952,0.1562245728234337,0.1868399675060926,0.695915699005127,632,qwen37,C3,0.6969341039657593,0.6949002742767334,0.28739667637674415,stop
ARYA-0001213900-19-004781,0.47704918032786886,0.17077175697865352,0.18688524590163935,0.7015267610549927,623,qwen37,C4,0.7043806910514832,0.6986958384513855,0.2909540349753347,stop
ARYA-0001213900-19-004781,0.5069393718042366,0.2077542062911485,0.23666910153396642,0.7395027279853821,808,qwen37,C5,0.7443169951438904,0.7347504496574402,0.3315818891047408,stop
THM-0001104659-20-030970,0.37654320987654316,0.1260815822002472,0.19135802469135804,0.7116014361381531,620,qwen37,C1,0.7976439595222473,0.6423144340515137,0.19042013616557926,stop
THM-0001104659-20-030970,0.3694581280788178,0.1220715166461159,0.1982758620689655,0.7148213982582092,629,qwen37,C1t,0.8029019832611084,0.6441556215286255,0.19016000480466902,stop
THM-0001104659-20-030970,0.306547619047619,0.12965722801788376,0.1681547619047619,0.6913685202598572,336,qwen37,C2,0.7636211514472961,0.6316068172454834,0.133846953214106,stop
THM-0001104659-20-030970,0.26532195500387895,0.11499611499611499,0.1489526764934057,0.6804326176643372,268,qwen37,C3,0.7866029143333435,0.5995143055915833,0.10631649918880522,stop
THM-0001104659-20-030970,0.26532195500387895,0.11499611499611499,0.1489526764934057,0.6811074018478394,269,qwen37,C4,0.7872482538223267,0.6001870036125183,0.10681060900198958,stop
THM-0001104659-20-030970,0.27340267459138184,0.11755952380952382,0.1411589895988113,0.6785200834274292,323,qwen37,C5,0.7616246938705444,0.6117671728134155,0.11872716177766224,stop
TITN-0001409171-20-000015,0.35506003430531735,0.09278350515463918,0.14922813036020582,0.6724882125854492,313,qwen37,C1,0.732231616973877,0.6217583417892456,0.14147608464899405,stop
TITN-0001409171-20-000015,0.3485915492957747,0.09876543209876544,0.147887323943662,0.6822375655174255,292,qwen37,C1t,0.7485416531562805,0.6267237663269043,0.13869236183512407,stop
TITN-0001409171-20-000015,0.3222308288148722,0.037238169123351435,0.11773818745158791,0.6139225363731384,410,qwen37,C2,0.6936118602752686,0.5506572723388672,0.1465275368673903,stop
TITN-0001409171-20-000015,0.34628378378378377,0.04060913705583756,0.13175675675675677,0.6015462279319763,322,qwen37,C3,0.6824328899383545,0.5378022193908691,0.13451080690161404,stop
TITN-0001409171-20-000015,0.3214285714285714,0.04619970193740685,0.1264880952380952,0.6142610311508179,450,qwen37,C4,0.684313178062439,0.5572193264961243,0.1484712317131469,stop
TITN-0001409171-20-000015,0.2716499544211486,0.034703196347031964,0.12215132178669097,0.5937718749046326,234,qwen37,C5,0.6899884939193726,0.5211054086685181,0.09956141641297261,stop
APOG-0000006845-21-000010,0.39609236234458267,0.19217081850533807,0.216696269982238,0.6844837665557861,266,qwen37,C1,0.7967816591262817,0.5999300479888916,0.15007215937459203,stop
APOG-0000006845-21-000010,0.19745845552297167,0.03330068560235064,0.08211143695014664,0.5271716713905334,177,qwen37,C1t,0.6270432472229004,0.4547429382801056,0.07460362184905811,stop
APOG-0000006845-21-000010,0.34026745913818723,0.06696428571428573,0.12481426448737,0.6398098468780518,414,qwen37,C2,0.6900273561477661,0.5964056849479675,0.16352553123243052,stop
APOG-0000006845-21-000010,0.3763352506162695,0.09547325102880659,0.14133114215283482,0.6436968445777893,335,qwen37,C3,0.718537449836731,0.5829759240150452,0.15598689279631023,stop
APOG-0000006845-21-000010,0.42376856919468336,0.12685982772122165,0.16888193901485538,0.6823740601539612,442,qwen37,C4,0.7597082853317261,0.6193296909332275,0.1785082108349306,stop
APOG-0000006845-21-000010,0.2954324586977648,0.1071080817916261,0.12439261418853255,0.675785481929779,190,qwen37,C5,0.760336697101593,0.6081570386886597,0.09763398654316092,stop
IOSP-0001193125-21-046094,0.39450441609421005,0.13569321533923304,0.14327772325809618,0.6511469483375549,273,qwen37,C1,0.7134866118431091,0.5988255739212036,0.16024548034565886,stop
IOSP-0001193125-21-046094,0.36847103513770185,0.10466222645099904,0.12535612535612536,0.6184218525886536,316,qwen37,C1t,0.6418996453285217,0.5966008901596069,0.15551930873887435,stop
IOSP-0001193125-21-046094,0.3702325581395349,0.065237651444548,0.14325581395348838,0.6096628904342651,327,qwen37,C2,0.6756804585456848,0.5553975701332092,0.14464969941385478,stop
IOSP-0001193125-21-046094,0.28405315614617943,0.04991680532445924,0.14617940199335547,0.616202712059021,414,qwen37,C3,0.7314732074737549,0.5323166847229004,0.12263611597713187,stop
IOSP-0001193125-21-046094,0.35346358792184723,0.10320284697508898,0.1669626998223801,0.6439882516860962,356,qwen37,C4,0.7594361305236816,0.5590088963508606,0.16036475833164449,stop
IOSP-0001193125-21-046094,0.32224532224532226,0.10208333333333332,0.15176715176715178,0.6389058232307434,217,qwen37,C5,0.7784323692321777,0.5417944192886353,0.11827260349767454,stop
TRMK-0001564590-21-006673,0.3553903345724907,0.12807148175725988,0.15762081784386617,0.6808002591133118,338,qwen37,C1,0.7283443212509155,0.6390829086303711,0.1545632262681239,stop
TRMK-0001564590-21-006673,0.3592375366568915,0.1262848751835536,0.1466275659824047,0.6960855722427368,358,qwen37,C1t,0.7319012880325317,0.6636117100715637,0.16066921470013712,stop
TRMK-0001564590-21-006673,0.22926500337154418,0.03646185010128292,0.13621038435603505,0.6045040488243103,417,qwen37,C2,0.7087476253509521,0.5269931554794312,0.09610986662256518,stop
TRMK-0001564590-21-006673,0.17422222222222225,0.026714158504007122,0.09422222222222222,0.5843892693519592,129,qwen37,C3,0.7289589643478394,0.4876723289489746,0.0457771834173439,stop
TRMK-0001564590-21-006673,0.17750439367311072,0.028169014084507043,0.0913884007029877,0.584650993347168,139,qwen37,C4,0.7234538197517395,0.490536093711853,0.04930156121610518,stop
TRMK-0001564590-21-006673,0.19656019656019655,0.031173092698933553,0.10155610155610155,0.5939415693283081,209,qwen37,C5,0.7330167293548584,0.49922385811805725,0.0625969995192044,stop
CDXS-0001200375-21-000021,0.3870417732310315,0.14517506404782238,0.1977834612105712,0.6702872514724731,304,qwen37,C1,0.7151848077774048,0.630693793296814,0.16793941522051276,stop
CDXS-0001200375-21-000021,0.1927710843373494,0.056338028169014086,0.10843373493975904,0.5873064994812012,149,qwen37,C1t,0.6322481632232666,0.5483299493789673,0.07602411485209215,stop
CDXS-0001200375-21-000021,0.37371134020618557,0.11096774193548388,0.18041237113402062,0.6700765490531921,603,qwen37,C2,0.7321387529373169,0.6177139282226562,0.15626176401535558,stop
CDXS-0001200375-21-000021,0.23054187192118228,0.06317867719644621,0.141871921182266,0.5978342294692993,160,qwen37,C3,0.6828173398971558,0.5316636562347412,0.06943626915633398,stop
CDXS-0001200375-21-000021,0.30220713073005095,0.07653061224489796,0.166383701188455,0.6136851906776428,313,qwen37,C4,0.6847027540206909,0.556015133857727,0.09773209341792506,stop
CDXS-0001200375-21-000021,0.2810077519379845,0.09126213592233011,0.14728682170542637,0.6297578811645508,174,qwen37,C5,0.7352520823478699,0.5507379174232483,0.08462785348914682,stop
CFB-0001458412-21-000008,0.2962025316455696,0.07351077313054499,0.110126582278481,0.6005741953849792,580,qwen37,C1,0.6674287915229797,0.5458934307098389,0.16325339845618594,stop
CFB-0001458412-21-000008,0.26875,0.0625978090766823,0.10781249999999999,0.5998038053512573,349,qwen37,C1t,0.6545183062553406,0.5535314083099365,0.11998423330112312,stop
CFB-0001458412-21-000008,0.21693907875185736,0.03869047619047619,0.10698365527488855,0.5493627190589905,350,qwen37,C2,0.6325168609619141,0.4855319857597351,0.0886571932979742,stop
CFB-0001458412-21-000008,0.11753554502369667,0.04368471035137701,0.07772511848341232,0.5776256918907166,108,qwen37,C3,0.7239155173301697,0.4805212914943695,0.0525954695451654,stop
CFB-0001458412-21-000008,0.11753554502369667,0.04368471035137701,0.07772511848341232,0.5776256918907166,108,qwen37,C4,0.7239155173301697,0.4805212914943695,0.0525954695451654,stop
CFB-0001458412-21-000008,0.15356820234869017,0.03800904977375566,0.08310749774164408,0.5419008135795593,141,qwen37,C5,0.6920546293258667,0.4452875852584839,0.06221090056116778,stop
LPLA-0001397911-14-000038,0.360248447204969,0.12024879060124395,0.16563146997929604,0.6672260165214539,435,qwen37,C1,0.6794313788414001,0.6554514169692993,0.1461723975285607,stop
LPLA-0001397911-14-000038,0.0900735294117647,0.02578268876611418,0.05882352941176471,0.5176432728767395,90,qwen37,C1t,0.637170672416687,0.435876727104187,0.04121606822446142,stop
LPLA-0001397911-14-000038,0.32944606413994165,0.07883211678832118,0.1836734693877551,0.6564115285873413,330,qwen37,C2,0.7588794231414795,0.578323245048523,0.11048457584639795,stop
LPLA-0001397911-14-000038,0.39945092656142767,0.09484536082474226,0.19629375428963622,0.6518538594245911,401,qwen37,C3,0.7275662422180176,0.5904138684272766,0.1484991047739621,stop
LPLA-0001397911-14-000038,0.30205441421432544,0.04780433574207893,0.15880066629650194,0.6226286888122559,748,qwen37,C4,0.6897964477539062,0.5673809051513672,0.14564156459089028,stop
LPLA-0001397911-14-000038,0.3377135348226018,0.075,0.1498028909329829,0.6458913087844849,451,qwen37,C5,0.7083711624145508,0.593539834022522,0.14051014316885826,stop
VNT-0001786842-21-000013,0.30132158590308367,0.05119152691968226,0.11806167400881058,0.5975324511528015,266,qwen37,C1,0.6656607389450073,0.5420548319816589,0.11333983739837401,stop
VNT-0001786842-21-000013,0.2647887323943662,0.05268109125117592,0.0995305164319249,0.5857551097869873,210,qwen37,C1t,0.652616024017334,0.5313209295272827,0.11168057654852485,stop
VNT-0001786842-21-000013,0.3383399209486166,0.06334125098970704,0.13122529644268777,0.6149365901947021,360,qwen37,C2,0.6921916007995605,0.5531948208808899,0.13057854910473923,stop
VNT-0001786842-21-000013,0.3114610673665792,0.08588957055214724,0.12948381452318458,0.6648334264755249,324,qwen37,C3,0.7442471981048584,0.6007331609725952,0.13082118772511914,stop
VNT-0001786842-21-000013,0.37826685006877586,0.08677685950413223,0.15130674002751032,0.630753219127655,537,qwen37,C4,0.6905180215835571,0.580509603023529,0.17375795634157803,stop
VNT-0001786842-21-000013,0.2840909090909091,0.10246679316888045,0.11931818181818182,0.6663671135902405,228,qwen37,C5,0.7550723552703857,0.5963128805160522,0.1139372311367222,stop
BMTC-0000802681-21-000111,0.2527716186252772,0.06444444444444444,0.13303769401330376,0.6063932776451111,183,qwen37,C1,0.6988675594329834,0.5355316400527954,0.1198049732893862,stop
BMTC-0000802681-21-000111,0.17073170731707318,0.03667481662591687,0.08780487804878048,0.5596053004264832,120,qwen37,C1t,0.6234073042869568,0.5076502561569214,0.07604532756600883,stop
BMTC-0000802681-21-000111,0.22397476340694006,0.030015797788309637,0.10094637223974764,0.5706772208213806,476,qwen37,C2,0.6242318749427795,0.5255857706069946,0.11831039184056315,stop
BMTC-0000802681-21-000111,0.14251781472684086,0.009523809523809523,0.08076009501187648,0.5381281971931458,131,qwen37,C3,0.6527310013771057,0.45775774121284485,0.04597197898423818,stop
BMTC-0000802681-21-000111,0.13533834586466165,0.025125628140703515,0.08020050125313283,0.5612712502479553,95,qwen37,C4,0.6863551139831543,0.47475093603134155,0.06253702469918684,stop
BMTC-0000802681-21-000111,0.2962962962962963,0.03505154639175258,0.12757201646090535,0.5897480845451355,262,qwen37,C5,0.6383582353591919,0.5480172634124756,0.12833097518495226,stop
EFL-0001354488-11-004788,0.3631624674196351,0.10966057441253263,0.14943527367506515,0.7030770778656006,352,qwen37,C1,0.7687091827392578,0.6477706432342529,0.1595526530350826,stop
EFL-0001354488-11-004788,0.13894736842105262,0.02531645569620253,0.08,0.5500550270080566,121,qwen37,C1t,0.6085695028305054,0.5018059611320496,0.05396367239058628,stop
EFL-0001354488-11-004788,0.3073529411764706,0.060382916053019146,0.13676470588235295,0.5879350304603577,466,qwen37,C2,0.6513127088546753,0.5357977747917175,0.1381137789132299,stop
EFL-0001354488-11-004788,0.23929098966026585,0.031065088757396452,0.12850812407680945,0.5782451629638672,468,qwen37,C3,0.6565879583358765,0.5166049599647522,0.10346639332398463,stop
EFL-0001354488-11-004788,0.23336214347450301,0.031168831168831165,0.11581676750216076,0.5927585363388062,305,qwen37,C4,0.6978960633277893,0.5151512622833252,0.11043094962876611,stop
EFL-0001354488-11-004788,0.23971377459749552,0.039426523297491044,0.13237924865831843,0.6030089855194092,270,qwen37,C5,0.7212374210357666,0.5180826187133789,0.09820462352332111,stop
SGOC-0001144204-10-003132,0.4113360323886639,0.1735604217356042,0.16680161943319835,0.6697879433631897,330,qwen37,C1,0.7309311032295227,0.6180845499038696,0.1720472859999264,stop
SGOC-0001144204-10-003132,0.271036315323295,0.07808340727595386,0.11691762621789194,0.6138535737991333,235,qwen37,C1t,0.6673163175582886,0.5683218240737915,0.114676615959676,stop
SGOC-0001144204-10-003132,0.33981403212172445,0.11346316680779002,0.1301775147928994,0.6838278770446777,316,qwen37,C2,0.7256205081939697,0.6465872526168823,0.15047900452920587,stop
SGOC-0001144204-10-003132,0.3040834057341442,0.0992167101827676,0.12858384013900956,0.6706642508506775,283,qwen37,C3,0.7075108289718628,0.6374655961990356,0.1332923673735837,stop
SGOC-0001144204-10-003132,0.411214953271028,0.1372854914196568,0.14174454828660438,0.6865468621253967,423,qwen37,C4,0.7118875980377197,0.6629482507705688,0.1802203678960147,stop
SGOC-0001144204-10-003132,0.36938435940099834,0.13833333333333334,0.15141430948419302,0.7006060481071472,341,qwen37,C5,0.7517582178115845,0.6559715270996094,0.15292421514725402,stop
PFPT-0001564590-21-006943,0.31398809523809523,0.10283159463487332,0.15029761904761904,0.6333484053611755,339,qwen37,C1,0.6691895723342896,0.6011513471603394,0.11676619399021428,stop
PFPT-0001564590-21-006943,0.07365439093484419,0.007568590350047304,0.05476864966949953,0.473307341337204,71,qwen37,C1t,0.5647891163825989,0.4073300361633301,0.025972649210219443,stop
PFPT-0001564590-21-006943,0.3662714097496706,0.0883905013192612,0.17918313570487485,0.6637370586395264,429,qwen37,C2,0.7444798946380615,0.5987945199012756,0.1389041744859304,stop
PFPT-0001564590-21-006943,0.2707641196013289,0.11314475873544094,0.1362126245847176,0.6693364977836609,189,qwen37,C3,0.7857246398925781,0.5829805135726929,0.10007220403407224,stop
PFPT-0001564590-21-006943,0.261995430312262,0.06407322654462243,0.12795125666412793,0.6464486718177795,313,qwen37,C4,0.7196441292762756,0.5867680907249451,0.10067632003209058,stop
PFPT-0001564590-21-006943,0.23387790197764402,0.07579672695951765,0.13757523645743766,0.6286417841911316,155,qwen37,C5,0.7640219330787659,0.5340170860290527,0.06767045454545455,stop
MTB-0001564590-18-002855,0.2546230440967283,0.04131054131054131,0.1166429587482219,0.5825976133346558,345,qwen37,C1,0.6904611587524414,0.5038814544677734,0.09806866177816134,stop
MTB-0001564590-18-002855,0.15384615384615383,0.0329004329004329,0.06741573033707865,0.5543731451034546,124,qwen37,C1t,0.6764886379241943,0.4696033000946045,0.05933769487608304,stop
MTB-0001564590-18-002855,0.22451612903225807,0.028423772609819122,0.09161290322580647,0.5718994736671448,422,qwen37,C2,0.6510723829269409,0.5098943710327148,0.1013481663052701,stop
MTB-0001564590-18-002855,0.15437392795883362,0.017182130584192438,0.07718696397941681,0.5454503297805786,119,qwen37,C3,0.686036229133606,0.45268407464027405,0.044556249129673035,stop
MTB-0001564590-18-002855,0.16693679092382496,0.012987012987012988,0.09076175040518637,0.5361469984054565,188,qwen37,C4,0.6603036522865295,0.45129090547561646,0.05301215562991416,stop
MTB-0001564590-18-002855,0.12914485165794065,0.010489510489510488,0.06806282722513089,0.5351234078407288,103,qwen37,C5,0.6816462278366089,0.4404473304748535,0.03873280655645216,stop
CECE-0001564590-21-010416,0.4100502512562814,0.14501510574018125,0.16281407035175877,0.6639935374259949,296,qwen37,C1,0.7116690874099731,0.6223046779632568,0.17133192108408543,stop
CECE-0001564590-21-010416,0.373046875,0.10176125244618396,0.140625,0.6279120445251465,327,qwen37,C1t,0.6514767408370972,0.6059926152229309,0.16132045611569235,stop
CECE-0001564590-21-010416,0.43023255813953487,0.141747572815534,0.15697674418604649,0.6948630809783936,358,qwen37,C2,0.71619713306427,0.6747631430625916,0.1764729343646797,stop
CECE-0001564590-21-010416,0.441340782122905,0.13805970149253732,0.15456238361266295,0.7108334898948669,422,qwen37,C3,0.7303771376609802,0.6923084855079651,0.20231378330019684,stop
CECE-0001564590-21-010416,0.39553752535496955,0.12804878048780488,0.16024340770791076,0.7153280377388,339,qwen37,C4,0.7560083866119385,0.6788021326065063,0.18000708939748586,stop
CECE-0001564590-21-010416,0.42459173871277617,0.12512030798845045,0.14601344860710855,0.7055246829986572,386,qwen37,C5,0.7253818511962891,0.6867256760597229,0.18897218804668336,stop
MCF-0001558370-21-002664,0.5010155721056194,0.19525423728813557,0.1760324983073798,0.6993841528892517,538,qwen37,C1,0.7406166791915894,0.6625006198883057,0.23418594618888855,stop
MCF-0001558370-21-002664,0.4846368715083799,0.1958041958041958,0.21089385474860337,0.7012991905212402,499,qwen37,C1t,0.7401256561279297,0.6663433313369751,0.22811756896816918,stop
MCF-0001558370-21-002664,0.32384142936906757,0.08160983789826717,0.13735343383584592,0.6642847061157227,751,qwen37,C2,0.6872939467430115,0.6427661776542664,0.16461564964042813,stop
MCF-0001558370-21-002664,0.2862129144851658,0.0663948747815958,0.1268179173938336,0.6614405512809753,684,qwen37,C3,0.6857311129570007,0.6388120651245117,0.13594481041946355,stop
MCF-0001558370-21-002664,0.4074349442379182,0.12062546537602382,0.17397769516728626,0.650097131729126,419,qwen37,C4,0.691426694393158,0.613429844379425,0.1780660043027408,stop
MCF-0001558370-21-002664,0.34846266471449483,0.0997067448680352,0.15080527086383602,0.6786954402923584,429,qwen37,C5,0.6965055465698242,0.6617734432220459,0.13778448926805686,stop
UMPQ-0001077771-21-000011,0.4077800134138162,0.13969106783075888,0.1784037558685446,0.6734955906867981,452,qwen37,C1,0.7360574007034302,0.6207356452941895,0.18454890673924884,stop
UMPQ-0001077771-21-000011,0.3051608077786088,0.07940074906367041,0.11967090501121913,0.6436807513237,299,qwen37,C1t,0.7536473274230957,0.5617189407348633,0.1294070459311351,stop
UMPQ-0001077771-21-000011,0.3226765799256505,0.09828741623231571,0.13977695167286244,0.6927851438522339,357,qwen37,C2,0.7469901442527771,0.6459146738052368,0.12528171628148008,stop
UMPQ-0001077771-21-000011,0.23714759535655058,0.09634551495016612,0.11940298507462686,0.6804783344268799,211,qwen37,C3,0.793250560760498,0.595779538154602,0.09528949301224492,stop
UMPQ-0001077771-21-000011,0.16797900262467194,0.07712532865907099,0.09798775153105863,0.6565316319465637,138,qwen37,C4,0.764304518699646,0.5753962993621826,0.060943712574850296,stop
UMPQ-0001077771-21-000011,0.2995391705069124,0.09538461538461537,0.1382488479262673,0.6906701922416687,310,qwen37,C5,0.7524503469467163,0.6382652521133423,0.11446105738975634,stop
AMPE-0001558370-21-002314,0.4022801302931596,0.19086460032626426,0.19381107491856678,0.7134822010993958,280,qwen37,C1,0.7914021611213684,0.6495307087898254,0.15093974849127748,stop
AMPE-0001558370-21-002314,0.4323933477946494,0.20564808110065172,0.2024584237165582,0.6958811283111572,403,qwen37,C1t,0.7417942881584167,0.6553202867507935,0.19032436263515157,stop
AMPE-0001558370-21-002314,0.5124910778015703,0.2802001429592566,0.25553176302640973,0.723264217376709,421,qwen37,C2,0.7740321159362793,0.6787461638450623,0.22268616392232823,stop
AMPE-0001558370-21-002314,0.4218123496391339,0.23453815261044175,0.21972734562951077,0.7034665942192078,281,qwen37,C3,0.7888236045837402,0.6347784996032715,0.16339216348883137,stop
AMPE-0001558370-21-002314,0.5326704545454545,0.27453769559032715,0.2798295454545454,0.717448890209198,426,qwen37,C4,0.7788428068161011,0.6650267243385315,0.2282933979663183,stop
AMPE-0001558370-21-002314,0.40627580511973577,0.26468155500413565,0.24112303881090005,0.7694231867790222,286,qwen37,C5,0.8514673709869385,0.7018003463745117,0.16766592697249852,stop
TWO-0001465740-21-000035,0.2719227674979887,0.13053988718775184,0.15446500402252616,0.7081089019775391,242,qwen37,C1,0.7783573865890503,0.6494907736778259,0.10962579617595249,stop
TWO-0001465740-21-000035,0.4379358437935844,0.2304469273743017,0.24407252440725244,0.7104184627532959,400,qwen37,C1t,0.759335994720459,0.6674221754074097,0.20215921799929776,stop
TWO-0001465740-21-000035,0.2357658380112269,0.04497991967871486,0.10264635124298316,0.6055884957313538,202,qwen37,C2,0.6868621706962585,0.5415133237838745,0.07983932586977996,stop
TWO-0001465740-21-000035,0.2342629482071713,0.055865921787709494,0.10358565737051793,0.6430492401123047,250,qwen37,C3,0.6893479824066162,0.6025782823562622,0.08715702104790522,stop
TWO-0001465740-21-000035,0.2762854950115119,0.07532667179093006,0.1273983115886416,0.6652187705039978,303,qwen37,C4,0.7133294939994812,0.6231876611709595,0.1145852896919028,stop
TWO-0001465740-21-000035,0.24281150159744408,0.072,0.11182108626198084,0.6563790440559387,253,qwen37,C5,0.7049126029014587,0.6140981316566467,0.09802490533583973,stop
KTOS-0001069258-21-000009,0.43238731218697835,0.13712374581939799,0.14190317195325544,0.7080634832382202,442,qwen37,C1,0.7581433653831482,0.6641897559165955,0.20422053403459767,stop
KTOS-0001069258-21-000009,0.5053533190578158,0.1529664045746962,0.1527480371163455,0.673147976398468,580,qwen37,C1t,0.7170237898826599,0.6343321800231934,0.25360395363470023,stop
KTOS-0001069258-21-000009,0.43570843570843576,0.1361771944216571,0.1588861588861589,0.6654943823814392,407,qwen37,C2,0.7299171686172485,0.6115211844444275,0.19868414188133918,stop
KTOS-0001069258-21-000009,0.44036697247706424,0.1470342522974102,0.1567973311092577,0.7074443697929382,443,qwen37,C3,0.7745647430419922,0.651029109954834,0.20661899538540932,stop
KTOS-0001069258-21-000009,0.3799086757990867,0.1280878316559927,0.13333333333333333,0.6559483408927917,288,qwen37,C4,0.7461714744567871,0.5851902365684509,0.1612506187309724,stop
KTOS-0001069258-21-000009,0.4674698795180723,0.15446500402252614,0.157429718875502,0.7140457034111023,485,qwen37,C5,0.779119074344635,0.6590044498443604,0.22110184249467077,stop
BB-0001070235-21-000029,0.4138513513513513,0.17597292724196278,0.2162162162162162,0.6775464415550232,344,qwen37,C1,0.7537354230880737,0.6153461933135986,0.1520922845595041,stop
BB-0001070235-21-000029,0.1366459627329193,0.03526970954356847,0.07660455486542443,0.507557213306427,130,qwen37,C1t,0.5989628434181213,0.44035604596138,0.05342797225797975,stop
BB-0001070235-21-000029,0.35588507877664505,0.09842154131847726,0.16311399443929564,0.6376197338104248,241,qwen37,C2,0.7424442768096924,0.5587331652641296,0.10407239819004524,stop
BB-0001070235-21-000029,0.34675431388660644,0.09547325102880659,0.18077239112571897,0.6423332691192627,374,qwen37,C3,0.7440553903579712,0.5650794506072998,0.12393640745749258,stop
BB-0001070235-21-000029,0.3403476669716377,0.11732355637030248,0.17383348581884722,0.6909741759300232,257,qwen37,C4,0.784902811050415,0.617123544216156,0.14273261083239527,stop
BB-0001070235-21-000029,0.35960214231063503,0.09655172413793103,0.1912777352716144,0.6594141125679016,459,qwen37,C5,0.7387697696685791,0.5954529643058777,0.15792341088465073,stop
ZGNX-0001375151-21-000012,0.2923636363636364,0.03932993445010925,0.12945454545454546,0.5905272364616394,360,qwen37,C1,0.6803618669509888,0.5216490030288696,0.11061453320415844,stop
ZGNX-0001375151-21-000012,0.16517055655296228,0.05215827338129496,0.0933572710951526,0.5525952577590942,153,qwen37,C1t,0.628248929977417,0.49320369958877563,0.0656751569926325,stop
ZGNX-0001375151-21-000012,0.21496005809731303,0.03054545454545455,0.10021786492374728,0.5778428316116333,339,qwen37,C2,0.6783335208892822,0.5032845735549927,0.0957283933567275,stop
ZGNX-0001375151-21-000012,0.24877707896575824,0.03219034289713086,0.12718378756114604,0.5664687156677246,411,qwen37,C3,0.6564256548881531,0.49819570779800415,0.12351149721980745,stop
ZGNX-0001375151-21-000012,0.23467862481315396,0.03293413173652695,0.12257100149476831,0.5799301862716675,310,qwen37,C4,0.6794895529747009,0.5058172941207886,0.10699284920209177,stop
ZGNX-0001375151-21-000012,0.1859706362153344,0.034313725490196074,0.09624796084828711,0.5839368104934692,232,qwen37,C5,0.7290841341018677,0.4869866371154785,0.07703904559402916,stop
KIDS-0001425450-21-000047,0.5387205387205387,0.29804450438300745,0.30303030303030304,0.7451374530792236,446,qwen37,C1,0.8104336857795715,0.6895784735679626,0.23355343972562728,stop
KIDS-0001425450-21-000047,0.36282527881040894,0.12956068503350707,0.16654275092936802,0.6768644452095032,318,qwen37,C1t,0.7182042598724365,0.6400246620178223,0.142774044059364,stop
KIDS-0001425450-21-000047,0.3400160384923817,0.1815261044176707,0.19566960705693665,0.6908351182937622,219,qwen37,C2,0.7845150232315063,0.6171415448188782,0.11568491248067801,stop
KIDS-0001425450-21-000047,0.28451882845188287,0.1978206202849958,0.20585774058577405,0.6961483359336853,171,qwen37,C3,0.815488338470459,0.6072781682014465,0.10328323788532025,stop
KIDS-0001425450-21-000047,0.43002915451895046,0.20875912408759123,0.217201166180758,0.7416743636131287,369,qwen37,C4,0.8078033924102783,0.6855530738830566,0.1717447834194,stop
KIDS-0001425450-21-000047,0.46153846153846156,0.24910007199424047,0.27174694464414095,0.7848865985870361,412,qwen37,C5,0.835198700428009,0.7402915954589844,0.1858610369030965,stop
CFFN-0001490906-20-000078,0.2575976845151954,0.05797101449275362,0.12301013024602027,0.614812433719635,326,qwen37,C1,0.6746616363525391,0.5647163987159729,0.09796413281324325,stop
CFFN-0001490906-20-000078,0.351813826146475,0.07676490747087046,0.14784394250513347,0.6339871287345886,411,qwen37,C1t,0.6728527545928955,0.5993661880493164,0.14253647702938785,stop
CFFN-0001490906-20-000078,0.28680203045685276,0.048284625158831,0.12690355329949238,0.6109789609909058,431,qwen37,C2,0.6484473943710327,0.5776041150093079,0.13861076032329533,stop
CFFN-0001490906-20-000078,0.2244062244062244,0.05906480721903199,0.11793611793611794,0.6441740989685059,209,qwen37,C3,0.7108597159385681,0.5889269709587097,0.07823665554041201,stop
CFFN-0001490906-20-000078,0.22276822276822275,0.05578342904019689,0.11629811629811629,0.6442261338233948,211,qwen37,C4,0.7115812301635742,0.5885194540023804,0.07870450505239521,stop
CFFN-0001490906-20-000078,0.30303030303030304,0.06573957016434893,0.1553030303030303,0.6919839382171631,630,qwen37,C5,0.7553958892822266,0.638393759727478,0.17297395430171844,stop
HALL-0001558370-21-003015,0.3369397217928903,0.1547987616099071,0.14219474497681606,0.6788629293441772,260,qwen37,C1,0.7704039812088013,0.6067658066749573,0.1267419059062784,stop
HALL-0001558370-21-003015,0.1314387211367673,0.03558718861209965,0.06571936056838365,0.546791672706604,110,qwen37,C1t,0.6435712575912476,0.47531431913375854,0.04640294390178735,stop
HALL-0001558370-21-003015,0.3533378287255563,0.0864280891289669,0.13081591368846932,0.6418968439102173,400,qwen37,C2,0.7322116494178772,0.5714154243469238,0.14290338046022452,stop
HALL-0001558370-21-003015,0.3488721804511278,0.10843373493975904,0.13984962406015036,0.6423200368881226,292,qwen37,C3,0.7451973557472229,0.5644021034240723,0.12035934689656883,stop
HALL-0001558370-21-003015,0.3006939090208173,0.09111969111969112,0.1372397841171935,0.6265708208084106,254,qwen37,C4,0.7347140312194824,0.5461783409118652,0.10927398770665761,stop
HALL-0001558370-21-003015,0.29653505237711525,0.11299435028248589,0.128928283642224,0.6449102163314819,208,qwen37,C5,0.7731183767318726,0.5531756281852722,0.10177050182463022,stop
AHCO-0001558370-21-003089,0.43169398907103823,0.21477428180574556,0.19125683060109291,0.7055845260620117,420,qwen37,C1,0.7333587408065796,0.6798373460769653,0.1817116512659195,stop
AHCO-0001558370-21-003089,0.38,0.13084112149532712,0.15333333333333335,0.6789332628250122,482,qwen37,C1t,0.6676480770111084,0.690606415271759,0.17268532153898605,stop
AHCO-0001558370-21-003089,0.43212016175621026,0.1781376518218623,0.21028307336799537,0.6930164098739624,592,qwen37,C2,0.7399513125419617,0.6516805291175842,0.17217223888261413,stop
AHCO-0001558370-21-003089,0.44636429085673146,0.21485219899062724,0.2620590352771778,0.7056018710136414,338,qwen37,C3,0.8006225824356079,0.6307430863380432,0.15928421740376603,stop
AHCO-0001558370-21-003089,0.33466773418734985,0.19727345629510826,0.22898318654923938,0.7101726531982422,211,qwen37,C4,0.809360146522522,0.6326420307159424,0.12174732413196808,stop
AHCO-0001558370-21-003089,0.3864150943396226,0.24187452758881328,0.25056603773584907,0.7798660397529602,326,qwen37,C5,0.8560560941696167,0.7161296010017395,0.15802362112561594,stop
XEC-0001168054-21-000008,0.2857142857142857,0.0928909952606635,0.12866603595080417,0.6193077564239502,224,qwen37,C1,0.6814645528793335,0.5675419569015503,0.11356814199479999,stop
XEC-0001168054-21-000008,0.30268510984540276,0.07660961695191525,0.12530512611879577,0.6431178450584412,441,qwen37,C1t,0.6694746017456055,0.6187578439712524,0.14238016403245188,stop
XEC-0001168054-21-000008,0.3455031166518255,0.08385370205173952,0.14425645592163847,0.6201886534690857,293,qwen37,C2,0.6742396354675293,0.5741605758666992,0.13053477007891603,stop
XEC-0001168054-21-000008,0.22064777327935223,0.034482758620689655,0.10526315789473682,0.6248144507408142,175,qwen37,C3,0.6919472813606262,0.5695560574531555,0.07060143234962199,stop
XEC-0001168054-21-000008,0.35273675065160726,0.08703220191470844,0.13553431798436144,0.6624060869216919,341,qwen37,C4,0.7157903909683228,0.6164320707321167,0.13032653195496843,stop
XEC-0001168054-21-000008,0.304725168756027,0.07729468599033817,0.11957569913211187,0.5998708605766296,205,qwen37,C5,0.6808569431304932,0.5361028909683228,0.10034431178189013,stop
VERI-0001564590-21-011303,0.39511823035850496,0.15584415584415587,0.19832189168573608,0.6680309772491455,366,qwen37,C1,0.733157217502594,0.6135311722755432,0.1803452843185713,stop
VERI-0001564590-21-011303,0.17590822179732313,0.04406130268199234,0.08030592734225621,0.5437706708908081,137,qwen37,C1t,0.6335451006889343,0.4762808084487915,0.06215919622467513,stop
VERI-0001564590-21-011303,0.30245068738792585,0.10053859964093359,0.15421398684997012,0.6406108736991882,643,qwen37,C2,0.7261350154876709,0.5731099247932434,0.14753666550616565,stop
VERI-0001564590-21-011303,0.3342503438789546,0.1046831955922865,0.16506189821182946,0.6444706320762634,483,qwen37,C3,0.7435957789421082,0.5686647295951843,0.12793286560572179,stop
VERI-0001564590-21-011303,0.3466107617051013,0.1105668299510147,0.1663172606568833,0.6522352695465088,471,qwen37,C4,0.7561774253845215,0.5734151601791382,0.1361750159133457,stop
VERI-0001564590-21-011303,0.30063514467184194,0.07491166077738516,0.15384615384615383,0.6169556975364685,469,qwen37,C5,0.6833438873291016,0.5623247623443604,0.12030484485574305,stop
CORR-0001347652-21-000014,0.4781643227239082,0.2105263157894737,0.2013323464100666,0.7063453197479248,390,qwen37,C1,0.7688820958137512,0.6532161235809326,0.2184166748077383,stop
CORR-0001347652-21-000014,0.5263803680981595,0.21990171990171992,0.21472392638036808,0.7139580845832825,634,qwen37,C1t,0.7483588457107544,0.6825809478759766,0.27836260259162515,stop
CORR-0001347652-21-000014,0.3516642547033285,0.0927536231884058,0.170767004341534,0.6480409502983093,363,qwen37,C2,0.7055754065513611,0.59918212890625,0.1252540755425241,stop
CORR-0001347652-21-000014,0.28343666961913194,0.08518189884649512,0.1629760850310009,0.6182026863098145,180,qwen37,C3,0.7496492862701416,0.5259759426116943,0.0815639133739343,stop
CORR-0001347652-21-000014,0.31918505942275044,0.1683673469387755,0.21222410865874364,0.6926527619361877,268,qwen37,C4,0.8097028136253357,0.6051698327064514,0.14561360394679193,stop
CORR-0001347652-21-000014,0.411240575736806,0.13726835964310227,0.21384509938313914,0.6950074434280396,556,qwen37,C5,0.727138876914978,0.6655954718589783,0.21942617110895327,stop
SYK-0000310764-21-000027,0.41979010494752617,0.13063063063063063,0.16791604197901047,0.6722289323806763,375,qwen37,C1,0.7291303277015686,0.6235657930374146,0.1899030435976013,stop
SYK-0000310764-21-000027,0.2940685045948204,0.07698744769874477,0.126984126984127,0.6294186115264893,248,qwen37,C1t,0.6947234869003296,0.5753362774848938,0.10823451785098617,stop
SYK-0000310764-21-000027,0.3635036496350365,0.10964912280701757,0.20145985401459854,0.6317778825759888,389,qwen37,C2,0.7760260105133057,0.5327500104904175,0.14417694139339676,stop
SYK-0000310764-21-000027,0.2684210526315789,0.08787346221441124,0.1543859649122807,0.609591543674469,189,qwen37,C3,0.757901668548584,0.5098261833190918,0.07680893983104237,stop
SYK-0000310764-21-000027,0.287292817679558,0.08537549407114624,0.15469613259668508,0.6113926768302917,302,qwen37,C4,0.7484526634216309,0.516761064529419,0.11224717586406785,stop
SYK-0000310764-21-000027,0.33968253968253975,0.09697933227344993,0.17619047619047618,0.6119184494018555,298,qwen37,C5,0.7435475587844849,0.5198841094970703,0.12218291664677822,stop
AAWW-0001564590-20-006046,0.3090909090909091,0.09408194233687406,0.15303030303030302,0.6291454434394836,282,qwen37,C1,0.6935466527938843,0.5756882429122925,0.09839486067536272,stop
AAWW-0001564590-20-006046,0.2701107011070111,0.041389504804138944,0.0929889298892989,0.5932178497314453,325,qwen37,C1t,0.6179434061050415,0.5703948736190796,0.1076042830911708,stop
AAWW-0001564590-20-006046,0.34146341463414637,0.08604651162790697,0.14518002322880372,0.6555103063583374,569,qwen37,C2,0.7290335297584534,0.5954582095146179,0.13480427747135412,stop
AAWW-0001564590-20-006046,0.3409090909090909,0.08835341365461848,0.14037433155080214,0.656714916229248,416,qwen37,C3,0.7577763795852661,0.579437792301178,0.1093879460618778,stop
AAWW-0001564590-20-006046,0.2430055955235811,0.07365892714171338,0.12629896083133493,0.6052263379096985,213,qwen37,C4,0.7031152248382568,0.531262993812561,0.07472649132437899,stop
AAWW-0001564590-20-006046,0.30662983425414364,0.07330567081604426,0.143646408839779,0.6242732405662537,352,qwen37,C5,0.7175116539001465,0.5524800419807434,0.10866878063554632,stop
ZDGE-0001213900-20-033714,0.4620355411954766,0.15048543689320387,0.1453957996768982,0.6699635982513428,438,qwen37,C1,0.7311460971832275,0.6182299852371216,0.22329151088309182,stop
ZDGE-0001213900-20-033714,0.19664804469273744,0.05375139977603583,0.09608938547486034,0.5614506006240845,136,qwen37,C1t,0.6568721532821655,0.49023571610450745,0.07155365837001938,stop
ZDGE-0001213900-20-033714,0.44134536505332245,0.12818405916187345,0.14602132895816244,0.6593777537345886,437,qwen37,C2,0.706113338470459,0.6184446811676025,0.2177875616759735,stop
ZDGE-0001213900-20-033714,0.2813852813852814,0.11062906724511928,0.14935064935064937,0.6700372695922852,176,qwen37,C3,0.7625401616096497,0.5975492000579834,0.11231055435675083,stop
ZDGE-0001213900-20-033714,0.3609172482552343,0.11988011988011987,0.16151545363908273,0.6734106540679932,255,qwen37,C4,0.7548377513885498,0.6078405976295471,0.15349783837122838,stop
ZDGE-0001213900-20-033714,0.3985239852398524,0.14787430683918668,0.17896678966789667,0.6615689992904663,312,qwen37,C5,0.7655449509620667,0.5824596285820007,0.18010639695258113,stop
FISI-0001564590-21-013158,0.4369854338188727,0.10399492707672797,0.15072830905636478,0.6657786965370178,740,qwen37,C1,0.7296713590621948,0.6121745109558105,0.2368833679385906,stop
FISI-0001564590-21-013158,0.4347826086956522,0.11194029850746269,0.15652173913043477,0.6714977622032166,769,qwen37,C1t,0.7355039715766907,0.6177397966384888,0.24368509405243166,stop
FISI-0001564590-21-013158,0.2902902902902903,0.05616850551654966,0.12012012012012012,0.6677833199501038,254,qwen37,C2,0.7417435646057129,0.6072350144386292,0.11698155944423273,stop
FISI-0001564590-21-013158,0.13191990577149587,0.03778040141676506,0.06360424028268552,0.5273703932762146,88,qwen37,C3,0.657349169254303,0.4403075873851776,0.050367376907834716,stop
FISI-0001564590-21-013158,0.2880324543610548,0.058943089430894303,0.1257606490872211,0.664972722530365,262,qwen37,C4,0.7360039949417114,0.6064450144767761,0.12008765367228871,stop
FISI-0001564590-21-013158,0.29145728643216084,0.05840886203423968,0.12462311557788947,0.6703507900238037,250,qwen37,C5,0.745384931564331,0.6090416312217712,0.11885059205920412,stop
CVM-0001654954-17-011928,0.3232180663373324,0.09752650176678447,0.13832039520112915,0.6797329783439636,380,qwen37,C1,0.7080554962158203,0.653589129447937,0.13668819662299084,stop
CVM-0001654954-17-011928,0.3029432878679109,0.08914450035945364,0.12921751615218952,0.644564151763916,318,qwen37,C1t,0.6805129051208496,0.6122229099273682,0.12964685958914585,stop
CVM-0001654954-17-011928,0.3215796897038082,0.0903954802259887,0.12552891396332863,0.6755351424217224,379,qwen37,C2,0.6974034309387207,0.6549965143203735,0.1412291405717969,stop
CVM-0001654954-17-011928,0.3290780141843972,0.09801136363636365,0.13900709219858154,0.6296237707138062,333,qwen37,C3,0.6749135255813599,0.5900300741195679,0.12981585953948108,stop
CVM-0001654954-17-011928,0.3402777777777778,0.10013908205841447,0.13055555555555556,0.63306725025177,360,qwen37,C4,0.668340802192688,0.6013303995132446,0.13528101520438265,stop
CVM-0001654954-17-011928,0.3286118980169972,0.09929078014184398,0.13031161473087818,0.6316468119621277,332,qwen37,C5,0.6719803214073181,0.5958809852600098,0.13340097930676095,stop
OSBC-0000357173-21-000014,0.3247344461305008,0.11854103343465043,0.1441578148710167,0.6762556433677673,275,qwen37,C1,0.7322582602500916,0.6282104253768921,0.11781105003308746,stop
OSBC-0000357173-21-000014,0.5428051001821493,0.23951367781155014,0.19307832422586524,0.7486187219619751,584,qwen37,C1t,0.7711794376373291,0.7273405194282532,0.2533975537935086,stop
OSBC-0000357173-21-000014,0.284707540521494,0.08750882145377559,0.1338971106412967,0.6605216860771179,367,qwen37,C2,0.6896560192108154,0.6337491273880005,0.11037199051530654,stop
OSBC-0000357173-21-000014,0.3297536323436513,0.08096141682479442,0.13644977890082122,0.6484745740890503,498,qwen37,C3,0.679867684841156,0.6198527812957764,0.1209791257429917,stop
OSBC-0000357173-21-000014,0.3088023088023088,0.09248554913294797,0.13852813852813853,0.6400643587112427,348,qwen37,C4,0.6735620498657227,0.6097407341003418,0.1153070196819815,stop
OSBC-0000357173-21-000014,0.30604437643458293,0.11954022988505746,0.13771996939556236,0.6813435554504395,265,qwen37,C5,0.7369757890701294,0.6335208415985107,0.11688915575283884,stop
PLUG-0001558370-20-002267,0.45525017618040875,0.13408609738884966,0.17477096546863988,0.6838405132293701,556,qwen37,C1,0.742217481136322,0.633976936340332,0.222189415069201,stop
PLUG-0001558370-20-002267,0.4394160583941606,0.13450292397660818,0.17226277372262774,0.6756607294082642,512,qwen37,C1t,0.7372807264328003,0.6235464215278625,0.21096877580682571,stop
PLUG-0001558370-20-002267,0.3466666666666667,0.10151380231522707,0.13866666666666666,0.6296260952949524,285,qwen37,C2,0.7152618169784546,0.5623036026954651,0.15212762297676924,stop
PLUG-0001558370-20-002267,0.308263695450325,0.08372093023255814,0.13370473537604458,0.6725335717201233,279,qwen37,C3,0.7509387731552124,0.6089529991149902,0.1312190685239912,stop
PLUG-0001558370-20-002267,0.3279279279279279,0.08844765342960288,0.12792792792792793,0.6801224946975708,318,qwen37,C4,0.7490906119346619,0.6227834224700928,0.142396412037488,stop
PLUG-0001558370-20-002267,0.36188811188811193,0.11033274956217164,0.1486013986013986,0.6883168816566467,353,qwen37,C5,0.7540437579154968,0.6331296563148499,0.1642729984687116,stop
TCFC-0001628280-21-003922,0.32816901408450705,0.09449929478138222,0.13661971830985917,0.6982249617576599,331,qwen37,C1,0.7644502520561218,0.642559289932251,0.12313331754806038,stop
TCFC-0001628280-21-003922,0.09722222222222221,0.008695652173913045,0.05034722222222222,0.49328911304473877,109,qwen37,C1t,0.6034834384918213,0.41712355613708496,0.03703876134291821,stop
TCFC-0001628280-21-003922,0.3333333333333333,0.0584144645340751,0.11666666666666667,0.6464782357215881,361,qwen37,C2,0.7145751714706421,0.5902310013771057,0.11340286505858403,stop
TCFC-0001628280-21-003922,0.30985915492957744,0.050482553823311065,0.13046701260192733,0.6341459155082703,258,qwen37,C3,0.7614877223968506,0.5432924032211304,0.09113860938881169,stop
TCFC-0001628280-21-003922,0.32017229002153624,0.056074766355140186,0.12347451543431441,0.6488344669342041,300,qwen37,C4,0.7305874824523926,0.5835365056991577,0.10809343581452657,stop
TCFC-0001628280-21-003922,0.24421388667198723,0.05115907274180656,0.10534716679968077,0.6281237006187439,185,qwen37,C5,0.7133798599243164,0.5610700845718384,0.07507677184143802,stop
TSHA-0001564590-21-010433,0.39008480104370513,0.0914435009797518,0.15394651011089366,0.6355282664299011,491,qwen37,C1,0.6590890884399414,0.6135938167572021,0.18006845393814594,stop
TSHA-0001564590-21-010433,0.3020527859237537,0.07195301027900147,0.11143695014662756,0.606622576713562,338,qwen37,C1t,0.6577674150466919,0.5628575086593628,0.13062221933731116,stop
TSHA-0001564590-21-010433,0.22339622641509435,0.042328042328042326,0.08150943396226415,0.5866637229919434,297,qwen37,C2,0.6498686671257019,0.5346634387969971,0.08904883572202024,stop
TSHA-0001564590-21-010433,0.23149606299212597,0.033123028391167195,0.09133858267716535,0.6097435355186462,268,qwen37,C3,0.6739563941955566,0.5567023754119873,0.08755192764236527,stop
TSHA-0001564590-21-010433,0.22823701536210678,0.03809523809523809,0.09948792977322603,0.5828882455825806,321,qwen37,C4,0.6693946123123169,0.5161816477775574,0.09713665592571269,stop
TSHA-0001564590-21-010433,0.23715415019762848,0.04117181314330958,0.09486166007905138,0.5880070924758911,242,qwen37,C5,0.6432340145111084,0.5415136814117432,0.08611964316075775,stop
PZN-0001564590-20-009500,0.27844712182061576,0.064343163538874,0.13520749665327977,0.6122554540634155,454,qwen37,C1,0.7510913014411926,0.5167387127876282,0.1332273577286365,stop
PZN-0001564590-20-009500,0.1692844677137871,0.04195804195804195,0.07853403141361257,0.5575470924377441,141,qwen37,C1t,0.672805666923523,0.47600290179252625,0.06752006325985967,stop
PZN-0001564590-20-009500,0.24072869225764473,0.036482084690553744,0.11581001951854261,0.5626891255378723,463,qwen37,C2,0.6419860124588013,0.5008277893066406,0.09960408499257195,stop
PZN-0001564590-20-009500,0.23014804845222073,0.032345013477088944,0.13055181695827725,0.5572699308395386,418,qwen37,C3,0.6586729288101196,0.48292362689971924,0.09901098493523858,stop
PZN-0001564590-20-009500,0.20323624595469258,0.04018146467919637,0.12038834951456309,0.5587517023086548,470,qwen37,C4,0.6657199263572693,0.48140010237693787,0.09382487609780045,stop
PZN-0001564590-20-009500,0.20408163265306123,0.055031446540880505,0.130298273155416,0.6030778884887695,280,qwen37,C5,0.7475399971008301,0.5054078102111816,0.08439649968514538,stop
ASH-0001674862-16-000008,0.4688142563399588,0.21825669183253257,0.2083618917066484,0.7255181074142456,472,qwen37,C1,0.7918436527252197,0.6694447994232178,0.20642072492852778,stop
ASH-0001674862-16-000008,0.4741144414168937,0.22510231923601637,0.24523160762942778,0.7297645807266235,480,qwen37,C1t,0.7861120700836182,0.6809545755386353,0.22815769257572951,stop
ASH-0001674862-16-000008,0.3765243902439025,0.17099236641221374,0.1875,0.7049823999404907,330,qwen37,C2,0.7866892218589783,0.6386510133743286,0.14763497463636924,stop
ASH-0001674862-16-000008,0.3951367781155016,0.18721461187214614,0.21580547112462004,0.7160998582839966,332,qwen37,C3,0.7992411255836487,0.6486263275146484,0.15279581714637103,stop
ASH-0001674862-16-000008,0.3870967741935484,0.19538461538461538,0.19969278033794163,0.7171460390090942,311,qwen37,C4,0.8003069162368774,0.6496410965919495,0.15936116303996167,stop
ASH-0001674862-16-000008,0.35703001579778826,0.17246835443037975,0.1674565560821485,0.7077158093452454,284,qwen37,C5,0.8020287752151489,0.6332499980926514,0.13895434030155868,stop
JNPR-0001043604-21-000013,0.4143763213530655,0.19336626676076218,0.14658210007047215,0.7040860652923584,395,qwen37,C1,0.7702564597129822,0.648385226726532,0.15493711919422543,stop
JNPR-0001043604-21-000013,0.36092468307233405,0.1613144137415982,0.1506338553318419,0.6603500247001648,323,qwen37,C1t,0.7127519249916077,0.6151257753372192,0.13223088433221752,stop
JNPR-0001043604-21-000013,0.29079754601227,0.0687960687960688,0.12760736196319017,0.6442151665687561,490,qwen37,C2,0.7415049076080322,0.5694942474365234,0.1299744777389167,stop
JNPR-0001043604-21-000013,0.27272727272727276,0.06869009584664537,0.11961722488038277,0.6345510482788086,210,qwen37,C3,0.762803852558136,0.5432178974151611,0.07862243576240534,stop
JNPR-0001043604-21-000013,0.2843216896831844,0.09275834011391375,0.13322502030869213,0.6336997747421265,193,qwen37,C4,0.7976188063621521,0.5256692171096802,0.08940031019526229,stop
JNPR-0001043604-21-000013,0.22166666666666668,0.06010016694490818,0.11666666666666667,0.5968139171600342,165,qwen37,C5,0.7592135071754456,0.4916479289531708,0.057247367243595075,stop
PMVP-0001564590-21-010578,0.5586924219910847,0.24553571428571425,0.23922734026745915,0.7785952687263489,614,qwen37,C1,0.8209538459777832,0.7403934001922607,0.29812405482743304,stop
PMVP-0001564590-21-010578,0.41736227045075125,0.1354515050167224,0.1669449081803005,0.7086082100868225,452,qwen37,C1t,0.7276135087013245,0.6905703544616699,0.20995154278113173,stop
PMVP-0001564590-21-010578,0.4319880418535127,0.12574850299401197,0.18834080717488788,0.7002182602882385,509,qwen37,C2,0.7673611640930176,0.6438798308372498,0.2211501448648039,stop
PMVP-0001564590-21-010578,0.3217477656405164,0.13134328358208955,0.17477656405163852,0.7031481266021729,251,qwen37,C3,0.7723821401596069,0.6453048586845398,0.13934302631452875,stop
PMVP-0001564590-21-010578,0.36034318398474735,0.14899713467048709,0.18493803622497618,0.7256090641021729,295,qwen37,C4,0.8108263611793518,0.6566007137298584,0.16790318899063628,stop
PMVP-0001564590-21-010578,0.44911147011308566,0.18122977346278318,0.23101777059773826,0.7560035586357117,521,qwen37,C5,0.8450955152511597,0.683904767036438,0.23945324974597182,stop
SSNT-0001185185-18-000498,0.35986159169550175,0.11226611226611229,0.16608996539792387,0.6568451523780823,387,qwen37,C1,0.774319052696228,0.5703204274177551,0.1790703705173145,stop
SSNT-0001185185-18-000498,0.34959941733430444,0.1050328227571116,0.15149308084486526,0.7179087996482849,383,qwen37,C1t,0.801787793636322,0.6499176621437073,0.1580316274450308,stop
SSNT-0001185185-18-000498,0.2813504823151125,0.13043478260869565,0.11093247588424439,0.6880679726600647,254,qwen37,C2,0.7884471416473389,0.6103613376617432,0.1189307858867989,stop
SSNT-0001185185-18-000498,0.14973262032085563,0.06607142857142857,0.08912655971479502,0.633350670337677,122,qwen37,C3,0.7402992844581604,0.5534024238586426,0.06358322642147594,stop
SSNT-0001185185-18-000498,0.12850678733031676,0.056210335448776065,0.07601809954751132,0.627585232257843,103,qwen37,C4,0.7415505647659302,0.5439831018447876,0.0502502012107639,stop
SSNT-0001185185-18-000498,0.1449016100178891,0.06272401433691756,0.08765652951699464,0.6291275024414062,118,qwen37,C5,0.7373906373977661,0.5485846996307373,0.06015505486134639,stop
ALNA-0001564590-21-012238,0.398786959818044,0.211085801063022,0.22744503411675512,0.7121166586875916,288,qwen37,C1,0.7914614677429199,0.6472311019897461,0.14994465106019028,stop
ALNA-0001564590-21-012238,0.4506295559973493,0.18049104180491043,0.1908548707753479,0.7113730311393738,484,qwen37,C1t,0.773900032043457,0.6581944227218628,0.20597576420980684,stop
ALNA-0001564590-21-012238,0.3181526619627967,0.1014771997430957,0.15522771007055805,0.622185468673706,496,qwen37,C2,0.7065662145614624,0.5558087229728699,0.13168123401980156,stop
ALNA-0001564590-21-012238,0.3552123552123552,0.14948453608247422,0.21750321750321752,0.681896984577179,530,qwen37,C3,0.8381393551826477,0.5747538805007935,0.16339887833597805,stop
ALNA-0001564590-21-012238,0.3697047496790758,0.15552699228791778,0.22721437740693196,0.6848037242889404,534,qwen37,C4,0.8408204317092896,0.5776239633560181,0.17050738116873226,stop
ALNA-0001564590-21-012238,0.36533333333333334,0.17489986648865152,0.22800000000000004,0.7402084469795227,586,qwen37,C5,0.8771415948867798,0.6402561068534851,0.18570423145556444,stop
ACHV-0001193125-14-093757,0.4178438661710037,0.14296351451973194,0.16356877323420072,0.6804966330528259,418,qwen37,C1,0.7380545139312744,0.6312666535377502,0.199527347739881,stop
ACHV-0001193125-14-093757,0.33021276595744686,0.11935208866155157,0.12936170212765957,0.6492049694061279,267,qwen37,C1t,0.7198695540428162,0.591173529624939,0.13139486051641752,stop
ACHV-0001193125-14-093757,0.3427471116816431,0.09511568123393316,0.141206675224647,0.6625783443450928,598,qwen37,C2,0.7056163549423218,0.6244886517524719,0.16723414875527945,stop
ACHV-0001193125-14-093757,0.28028933092224234,0.11413043478260869,0.14285714285714288,0.6396418213844299,190,qwen37,C3,0.7466447353363037,0.5594640970230103,0.10741426477334162,stop
ACHV-0001193125-14-093757,0.32172869147659067,0.1310096153846154,0.1440576230492197,0.6691778898239136,668,qwen37,C4,0.7523066997528076,0.602592408657074,0.19041469842992667,stop
ACHV-0001193125-14-093757,0.3542562338779019,0.19638242894056848,0.17712811693895095,0.7298274040222168,288,qwen37,C5,0.858249843120575,0.6348352432250977,0.16438920658451608,stop
STRL-0000874238-21-000010,0.3991031390134529,0.16766467065868265,0.21076233183856502,0.6554303169250488,365,qwen37,C1,0.7590163946151733,0.5767226219177246,0.14628623928166454,stop
STRL-0000874238-21-000010,0.32253086419753085,0.09737248840803708,0.125,0.622148871421814,323,qwen37,C1t,0.7202694416046143,0.5475565195083618,0.12220234399721581,stop
STRL-0000874238-21-000010,0.3185011709601874,0.08913213448006255,0.1608118657298985,0.6286081075668335,300,qwen37,C2,0.7475117444992065,0.5423403382301331,0.10918381059153687,stop
STRL-0000874238-21-000010,0.31852986217457885,0.10582822085889569,0.16998468606431855,0.6294489502906799,324,qwen37,C3,0.7734391689300537,0.530657172203064,0.10767338604807827,stop
STRL-0000874238-21-000010,0.3384121892542101,0.1493975903614458,0.1764234161988773,0.6487430334091187,276,qwen37,C4,0.7955942153930664,0.5476563572883606,0.12002624455488355,stop
STRL-0000874238-21-000010,0.3373493975903615,0.14320193081255028,0.17991967871485945,0.6407518982887268,278,qwen37,C5,0.7738887071609497,0.5466997623443604,0.12250235281025268,stop
APVO-0001564590-21-016875,0.42278860569715143,0.16816816816816815,0.22188905547226387,0.6765468120574951,442,qwen37,C1,0.7245044708251953,0.6345440149307251,0.19480437272331189,stop
APVO-0001564590-21-016875,0.3191311612364244,0.08702928870292886,0.14369256474519632,0.6308383345603943,322,qwen37,C1t,0.662205696105957,0.6023082733154297,0.14073863753304752,stop
APVO-0001564590-21-016875,0.3427299703264095,0.1025260029717682,0.1691394658753709,0.6316683292388916,434,qwen37,C2,0.6899560689926147,0.5824617743492126,0.13661968642862626,stop
APVO-0001564590-21-016875,0.3418803418803419,0.10616438356164383,0.17094017094017094,0.6443263292312622,298,qwen37,C3,0.7193492650985718,0.5834740996360779,0.12392603145657625,stop
APVO-0001564590-21-016875,0.391869918699187,0.14006514657980457,0.1902439024390244,0.669859766960144,353,qwen37,C4,0.7233058214187622,0.6237685680389404,0.1577370445802218,stop
APVO-0001564590-21-016875,0.2914285714285714,0.15076335877862596,0.18476190476190474,0.6602537631988525,181,qwen37,C5,0.7853522896766663,0.5695330500602722,0.11648149889604208,stop
ATAX-0001059142-15-000007,0.2569060773480663,0.09128630705394192,0.13259668508287292,0.6465144753456116,397,qwen37,C1,0.7452245950698853,0.5708954930305481,0.1204444488648168,stop
ATAX-0001059142-15-000007,0.48273328434974283,0.16176470588235295,0.18368846436443792,0.7326222062110901,1688,qwen37,C1t,0.7387069463729858,0.7266369462013245,0.3106995213422059,stop
ATAX-0001059142-15-000007,0.2097560975609756,0.04885993485342018,0.10406504065040652,0.5920600295066833,188,qwen37,C2,0.6823957562446594,0.5228455662727356,0.056787378062408446,stop
ATAX-0001059142-15-000007,0.16608391608391607,0.0297723292469352,0.0944055944055944,0.5806081891059875,116,qwen37,C3,0.7397956252098083,0.4777969717979431,0.04499523139474345,stop
ATAX-0001059142-15-000007,0.2265426880811496,0.06943268416596106,0.12003381234150466,0.6208139657974243,153,qwen37,C4,0.7768553495407104,0.5169732570648193,0.07143471118082849,stop
ATAX-0001059142-15-000007,0.19096334185848254,0.05807002561912895,0.11935208866155159,0.5962716937065125,145,qwen37,C5,0.7578823566436768,0.49147066473960876,0.05544063821369996,stop
SNBR-0001564590-19-004499,0.31197771587743733,0.21953488372093025,0.19498607242339833,0.6938125491142273,171,qwen37,C1,0.8216528296470642,0.6003972291946411,0.11087764291222219,stop
SNBR-0001564590-19-004499,0.2569511025886865,0.1786743515850144,0.15532118887823587,0.7429794669151306,161,qwen37,C1t,0.8531860709190369,0.6579867601394653,0.09425980353740875,stop
SNBR-0001564590-19-004499,0.23106060606060605,0.10056925996204934,0.1477272727272727,0.6945923566818237,175,qwen37,C2,0.7891578078269958,0.6202654838562012,0.08570689993706616,stop
SNBR-0001564590-19-004499,0.3383259911894273,0.14651368049426303,0.18502202643171806,0.7264520525932312,273,qwen37,C3,0.8284450173377991,0.6468195915222168,0.1319250466314493,stop
SNBR-0001564590-19-004499,0.32217194570135754,0.16319129646418856,0.18823529411764706,0.6912164092063904,222,qwen37,C4,0.8242456316947937,0.5951604247093201,0.11565274376362146,stop
SNBR-0001564590-19-004499,0.2888283378746594,0.13830755232029118,0.1762034514078111,0.7132272720336914,225,qwen37,C5,0.8132309913635254,0.6351253390312195,0.10761940656739007,stop
BRMK-0001104659-20-034181,0.4587020648967552,0.19202363367799113,0.168141592920354,0.7063984870910645,416,qwen37,C1,0.736695408821106,0.6784950494766235,0.21764958665278553,stop
BRMK-0001104659-20-034181,0.3833211411850769,0.08937728937728939,0.14923189465983905,0.6474450826644897,443,qwen37,C1t,0.6622526049613953,0.6332851648330688,0.17551789441117463,stop
BRMK-0001104659-20-034181,0.4638888888888889,0.14186369958275383,0.16527777777777777,0.6893064975738525,491,qwen37,C2,0.6963056325912476,0.6824467778205872,0.20616816829637416,stop
BRMK-0001104659-20-034181,0.3491027732463296,0.08006535947712418,0.14192495921696574,0.67470383644104,330,qwen37,C3,0.7128847241401672,0.6404047012329102,0.13268298620785415,stop
BRMK-0001104659-20-034181,0.36320754716981124,0.12125984251968504,0.17295597484276728,0.7044812440872192,399,qwen37,C4,0.8212647438049316,0.6167758703231812,0.1659291823603811,stop
BRMK-0001104659-20-034181,0.3,0.1329690346083789,0.1672727272727273,0.7251671552658081,214,qwen37,C5,0.8008981347084045,0.6625206470489502,0.118456023237608,stop
ADAP-0001558370-21-001827,0.3683794466403162,0.166270783847981,0.17707509881422925,0.7094655632972717,335,qwen37,C1,0.7057222127914429,0.7132488489151001,0.15813981598884624,stop
ADAP-0001558370-21-001827,0.37042682926829273,0.16793893129770995,0.17835365853658536,0.714090883731842,381,qwen37,C1t,0.6953110694885254,0.7339133620262146,0.185585889924238,stop
ADAP-0001558370-21-001827,0.25505716798592787,0.1356828193832599,0.17766051011433598,0.687658429145813,219,qwen37,C2,0.6875064373016357,0.6878105401992798,0.11509958979687697,stop
ADAP-0001558370-21-001827,0.26048951048951047,0.14535901926444833,0.1888111888111888,0.7486141920089722,253,qwen37,C3,0.7360119223594666,0.7616555094718933,0.13126720707962083,stop
ADAP-0001558370-21-001827,0.3378839590443686,0.21538461538461537,0.22013651877133103,0.7879024147987366,279,qwen37,C4,0.7946456074714661,0.7812726497650146,0.1535143719887396,stop
ADAP-0001558370-21-001827,0.3471074380165289,0.21357615894039736,0.20991735537190084,0.7836930751800537,323,qwen37,C5,0.7724947929382324,0.7952207326889038,0.17483015956698117,stop
GBLIL-0001564590-21-012923,0.30419580419580416,0.08231173380035026,0.13986013986013987,0.6263542771339417,287,qwen37,C1,0.6974680423736572,0.5684002041816711,0.12308262553380082,stop
GBLIL-0001564590-21-012923,0.23773584905660375,0.06427221172022685,0.12452830188679245,0.6179991364479065,220,qwen37,C1t,0.6717060804367065,0.5722446441650391,0.09853292826735174,stop
GBLIL-0001564590-21-012923,0.22546419098143236,0.03187250996015936,0.10742705570291779,0.5974575877189636,561,qwen37,C2,0.6853107810020447,0.5295695662498474,0.12135722071976668,stop
GBLIL-0001564590-21-012923,0.23302469135802467,0.026275115919629062,0.11574074074074073,0.5752090811729431,392,qwen37,C3,0.6835620999336243,0.4965066611766815,0.09417693387014586,stop
GBLIL-0001564590-21-012923,0.19012797074954296,0.02380952380952381,0.10420475319926875,0.5611595511436462,231,qwen37,C4,0.6649249196052551,0.4854087233543396,0.0691133162726927,stop
GBLIL-0001564590-21-012923,0.1736641221374046,0.019120458891013385,0.08778625954198474,0.5617888569831848,198,qwen37,C5,0.6783475279808044,0.47941261529922485,0.052426955702167766,stop
GMBLW-0001213900-19-019346,0.2629674306393245,0.03869407496977025,0.12545235223160434,0.4931279718875885,235,qwen37,C1,0.516861081123352,0.47147873044013977,0.1260628905301733,stop
GMBLW-0001213900-19-019346,0.21372031662269125,0.031746031746031744,0.11609498680738786,0.4589439928531647,178,qwen37,C1t,0.4910372197628021,0.4307885468006134,0.0955904527426703,stop
GMBLW-0001213900-19-019346,0.21305841924398625,0.02525832376578645,0.11912943871706756,0.4765116572380066,255,qwen37,C2,0.5186156630516052,0.44073083996772766,0.09875587922925201,stop
GMBLW-0001213900-19-019346,0.14749262536873156,0.02958579881656805,0.09439528023598819,0.47176432609558105,92,qwen37,C3,0.5224679708480835,0.4300313889980316,0.05726486634861161,stop
GMBLW-0001213900-19-019346,0.1867043847241867,0.05106382978723404,0.10183875530410184,0.48447713255882263,122,qwen37,C4,0.5309958457946777,0.44545257091522217,0.07743717567488777,stop
GMBLW-0001213900-19-019346,0.20611551528878821,0.036322360953461974,0.11325028312570781,0.5603392720222473,296,qwen37,C5,0.6112346053123474,0.5172680616378784,0.11489047713577327,stop
TREC-0000007039-21-000036,0.3864574731626755,0.11248966087675766,0.1453344343517754,0.7092332243919373,404,qwen37,C1,0.7264581322669983,0.6928063035011292,0.174981120546597,stop
TREC-0000007039-21-000036,0.2492970946579194,0.05258215962441314,0.10871602624179943,0.5563349723815918,232,qwen37,C1t,0.6109398603439331,0.5106902122497559,0.1029196682244599,stop
TREC-0000007039-21-000036,0.43990929705215415,0.13020439061317182,0.1511715797430083,0.6856554746627808,421,qwen37,C2,0.7160531282424927,0.6577335596084595,0.18326594375340885,stop
TREC-0000007039-21-000036,0.27085377821393525,0.08652900688298917,0.11579980372914622,0.6522806882858276,183,qwen37,C3,0.7108087539672852,0.6026577949523926,0.11114334949236256,stop
TREC-0000007039-21-000036,0.2810077519379845,0.09514563106796116,0.124031007751938,0.7041360139846802,218,qwen37,C4,0.7514940500259399,0.6623929738998413,0.1242890982888998,stop
TREC-0000007039-21-000036,0.26627218934911245,0.08300395256916994,0.11045364891518739,0.6959560513496399,199,qwen37,C5,0.7447419166564941,0.6531689167022705,0.11829325828073142,stop
TENX-0001193125-10-165026,0.3358024691358025,0.1483924154987634,0.1662551440329218,0.6791422367095947,251,qwen37,C1,0.749233603477478,0.6210432052612305,0.13225261725767753,stop
TENX-0001193125-10-165026,0.18148487626031162,0.049586776859504134,0.09715857011915673,0.6130891442298889,149,qwen37,C1t,0.6738184690475464,0.5624014735221863,0.07316981408883565,stop
TENX-0001193125-10-165026,0.2765432098765432,0.08405438813349816,0.14074074074074072,0.6196975111961365,552,qwen37,C2,0.738145649433136,0.5340069532394409,0.12176920610639845,stop
TENX-0001193125-10-165026,0.21671258034894397,0.06991720331186752,0.10835629017447199,0.584749698638916,136,qwen37,C3,0.7261652946472168,0.489435613155365,0.060074319873645386,stop
TENX-0001193125-10-165026,0.32817337461300305,0.11937984496124034,0.15015479876160992,0.6481316685676575,303,qwen37,C4,0.7587547302246094,0.565660834312439,0.11401917738683194,stop
TENX-0001193125-10-165026,0.32159264931087295,0.11349693251533742,0.16232771822358347,0.6658594608306885,396,qwen37,C5,0.7825201749801636,0.5794700980186462,0.14237824378654973,stop
ATEX-0001193125-15-219362,0.48738461538461536,0.14294516327788045,0.18584615384615386,0.7391176819801331,688,qwen37,C1,0.7740623354911804,0.7071918249130249,0.24889035227935247,stop
ATEX-0001193125-15-219362,0.523262839879154,0.18269812462189958,0.2187311178247734,0.7006367444992065,597,qwen37,C1t,0.7448989152908325,0.6613397598266602,0.25533460335975666,stop
ATEX-0001193125-15-219362,0.2618873445501097,0.06153846153846154,0.1346013167520117,0.6234109401702881,314,qwen37,C2,0.7479712963104248,0.5344144105911255,0.0876311021191889,stop
ATEX-0001193125-15-219362,0.27407987470634304,0.06274509803921569,0.12999216914643696,0.6140579581260681,241,qwen37,C3,0.7341464757919312,0.5277336239814758,0.09167734779421584,stop
ATEX-0001193125-15-219362,0.3331451157538114,0.09157716223855285,0.15923207227555053,0.6475174427032471,689,qwen37,C4,0.782561182975769,0.5522224307060242,0.17625305059296698,stop
ATEX-0001193125-15-219362,0.2612546125461254,0.09756097560975611,0.12988929889298892,0.6333902478218079,307,qwen37,C5,0.749382734298706,0.5484923124313354,0.09862264436125508,stop
PAG-0001558370-21-001299,0.4791386271870794,0.21293800539083563,0.20592193808882905,0.719169557094574,440,qwen37,C1,0.7747685313224792,0.6710160970687866,0.21320265489163648,stop
PAG-0001558370-21-001299,0.20460358056265984,0.07002561912894963,0.10912190963341857,0.6764429211616516,189,qwen37,C1t,0.7520978450775146,0.6146174669265747,0.07575371281265562,stop
PAG-0001558370-21-001299,0.46685552407932007,0.16222348269994324,0.20623229461756373,0.7152629494667053,623,qwen37,C2,0.7624853253364563,0.6735484600067139,0.23037545129490833,stop
PAG-0001558370-21-001299,0.4084755738669806,0.13789039481437831,0.18246027074749854,0.6914024949073792,556,qwen37,C3,0.7655221223831177,0.630368709564209,0.1726239302584573,stop
PAG-0001558370-21-001299,0.4619019492025989,0.16676522767593138,0.20791494388659182,0.7083011269569397,579,qwen37,C4,0.7589929103851318,0.6639566421508789,0.20679839253483134,stop
PAG-0001558370-21-001299,0.4429530201342282,0.15229563269876817,0.19574944071588368,0.7261433005332947,639,qwen37,C5,0.7590028643608093,0.6960108280181885,0.2034871000698219,stop
PLD-0001564590-19-002872,0.5065926439972241,0.1292564280750521,0.1582234559333796,0.6809041500091553,584,qwen37,C1,0.7345536947250366,0.6345579028129578,0.24809473952569444,stop
PLD-0001564590-19-002872,0.49964412811387904,0.15823235923022097,0.15658362989323843,0.6827946901321411,550,qwen37,C1t,0.7299983501434326,0.6413249373435974,0.2562362396238866,stop
PLD-0001564590-19-002872,0.2706913339824732,0.0448780487804878,0.12658227848101264,0.5978235006332397,177,qwen37,C2,0.7318289279937744,0.5052981376647949,0.07802176257076025,stop
PLD-0001564590-19-002872,0.21840242669362994,0.030395136778115506,0.11526794742163804,0.5752208232879639,133,qwen37,C3,0.7170534133911133,0.4802313446998596,0.05427235400565756,stop
PLD-0001564590-19-002872,0.2838095238095238,0.04389312977099237,0.12952380952380954,0.5913437008857727,190,qwen37,C4,0.7263757586479187,0.49864616990089417,0.08362832065425894,stop
PLD-0001564590-19-002872,0.29097605893186,0.042435424354243544,0.13259668508287295,0.5882208347320557,212,qwen37,C5,0.710720956325531,0.501740574836731,0.08574282779239774,stop
WSBC-0001564590-20-007827,0.38492597577388965,0.07277628032345013,0.13997308209959622,0.6529238224029541,481,qwen37,C1,0.71474289894104,0.6009471416473389,0.1632395588556097,stop
WSBC-0001564590-20-007827,0.1613780598368087,0.018165304268846504,0.06527651858567543,0.5705923438072205,129,qwen37,C1t,0.6742963790893555,0.4945349097251892,0.054411509616510596,stop
WSBC-0001564590-20-007827,0.16606498194945848,0.01989150090415913,0.07220216606498195,0.5728535056114197,130,qwen37,C2,0.6699432134628296,0.5003427267074585,0.05749860515860326,stop
WSBC-0001564590-20-007827,0.07662835249042145,0.003838771593090211,0.034482758620689655,0.4804130494594574,70,qwen37,C3,0.6162177324295044,0.3936571478843689,0.02765602170736798,stop
WSBC-0001564590-20-007827,0.18815331010452963,0.01919720767888307,0.07665505226480836,0.5735576152801514,164,qwen37,C4,0.6549983620643616,0.5101295113563538,0.06657720891824938,stop
WSBC-0001564590-20-007827,0.11306765523632993,0.009285051067780872,0.05375347544022243,0.5045910477638245,105,qwen37,C5,0.6133711338043213,0.4285827577114105,0.042071140525404,stop
PPC-0000802481-21-000015,0.4083769633507853,0.1381118881118881,0.16928446771378708,0.6746062636375427,342,qwen37,C1,0.7265596985816956,0.6295869946479797,0.1826886912480197,stop
PPC-0000802481-21-000015,0.2874132804757185,0.0814299900695134,0.13875123885034688,0.6445568799972534,236,qwen37,C1t,0.6798309087753296,0.6127628087997437,0.09981710841219031,stop
PPC-0000802481-21-000015,0.28693790149892934,0.052894924946390275,0.13990007137758745,0.6469635963439941,512,qwen37,C2,0.7281702756881714,0.5820521712303162,0.1247367016657835,stop
PPC-0000802481-21-000015,0.28719008264462814,0.09730848861283643,0.12396694214876033,0.6479092836380005,182,qwen37,C3,0.729059100151062,0.5830153226852417,0.09478485720795744,stop
PPC-0000802481-21-000015,0.2972508591065292,0.05335628227194493,0.13402061855670105,0.6608010530471802,362,qwen37,C4,0.7860532999038696,0.5699788331985474,0.12793024632050456,stop
PPC-0000802481-21-000015,0.35445362718089984,0.07359705611775529,0.14325068870523416,0.6631163358688354,285,qwen37,C5,0.7427017688751221,0.5989363193511963,0.1198488915299243,stop
CAL-0001683168-20-000046,0.31661442006269597,0.06279434850863422,0.15360501567398122,0.5604610443115234,468,qwen37,C1,0.6241575479507446,0.508561372756958,0.15915130186179582,stop
CAL-0001683168-20-000046,0.3623417721518987,0.08716323296354993,0.1518987341772152,0.5545868873596191,492,qwen37,C1t,0.5961424112319946,0.5184472799301147,0.18034343154158902,stop
CAL-0001683168-20-000046,0.24601769911504426,0.0425531914893617,0.12212389380530973,0.5193029642105103,293,qwen37,C2,0.6181796789169312,0.4476950168609619,0.09656055792466132,stop
CAL-0001683168-20-000046,0.1787709497206704,0.05599104143337066,0.09162011173184358,0.5751420855522156,125,qwen37,C3,0.6853208541870117,0.4954833686351776,0.0796756133397371,stop
CAL-0001683168-20-000046,0.26690712353471596,0.07226738934056007,0.13345356176735798,0.563220739364624,316,qwen37,C4,0.6678082942962646,0.4869568645954132,0.12036529413968473,stop
CAL-0001683168-20-000046,0.2304147465437788,0.04153846153846154,0.12135176651305683,0.5774329304695129,568,qwen37,C5,0.646692156791687,0.5215736627578735,0.12041155314588513,stop
SLB-0001564590-21-002477,0.3378500451671183,0.09773755656108596,0.15356820234869015,0.6161956191062927,328,qwen37,C1,0.673345685005188,0.5679877996444702,0.14870776433334013,stop
SLB-0001564590-21-002477,0.17832957110609482,0.049773755656108594,0.07223476297968398,0.5355755090713501,120,qwen37,C1t,0.6262391805648804,0.46784359216690063,0.06820780413596503,stop
SLB-0001564590-21-002477,0.39185750636132316,0.09681528662420383,0.14631043256997456,0.6816845536231995,787,qwen37,C2,0.7086871266365051,0.656664252281189,0.19469525896999046,stop
SLB-0001564590-21-002477,0.30221366698748797,0.07328833172613308,0.14051973051010586,0.606532871723175,264,qwen37,C3,0.7450932264328003,0.5114261507987976,0.11365306603401489,stop
SLB-0001564590-21-002477,0.3062015503875969,0.0912621359223301,0.1317829457364341,0.6259360313415527,257,qwen37,C4,0.7794879674911499,0.5229247212409973,0.10472191270914731,stop
SLB-0001564590-21-002477,0.3018563357546409,0.07275666936135813,0.15819209039548024,0.610453724861145,428,qwen37,C5,0.7385300397872925,0.5202344059944153,0.11534132287781264,stop
ONDS-0001213900-20-006218,0.29500000000000004,0.04173622704507513,0.11666666666666667,0.5709916949272156,379,qwen37,C1,0.6343659162521362,0.5191296935081482,0.1346521894841277,stop
ONDS-0001213900-20-006218,0.136310223266745,0.025912838633686687,0.05640423031727379,0.513995885848999,87,qwen37,C1t,0.6242082715034485,0.4368620216846466,0.048520144777449356,stop
ONDS-0001213900-20-006218,0.2644770959377701,0.048484848484848485,0.09680207433016423,0.5646309852600098,342,qwen37,C2,0.629973828792572,0.5115693807601929,0.12582855141425814,stop
ONDS-0001213900-20-006218,0.24318658280922428,0.04621848739495798,0.11530398322851153,0.6056641340255737,196,qwen37,C3,0.6716843843460083,0.5514606833457947,0.09979371700833987,stop
ONDS-0001213900-20-006218,0.27318045862412765,0.05394605394605395,0.11764705882352941,0.5730318427085876,229,qwen37,C4,0.6622309684753418,0.505009651184082,0.114650701263945,stop
ONDS-0001213900-20-006218,0.2739463601532567,0.06142034548944338,0.12260536398467432,0.6168385744094849,293,qwen37,C5,0.6965686082839966,0.5534859895706177,0.12532248827412254,stop
VIRC-0001628280-21-007933,0.1935483870967742,0.0695940347970174,0.10256410256410256,0.5830897092819214,172,qwen37,C1,0.6770011186599731,0.5120586156845093,0.06644671836721744,stop
VIRC-0001628280-21-007933,0.23853211009174313,0.05972434915773353,0.1055045871559633,0.5750289559364319,260,qwen37,C1t,0.6441652774810791,0.5192946791648865,0.09092571812856708,stop
VIRC-0001628280-21-007933,0.2016393442622951,0.0722495894909688,0.10327868852459017,0.5791549682617188,185,qwen37,C2,0.6736511588096619,0.5079083442687988,0.07020168591978918,stop
VIRC-0001628280-21-007933,0.1717171717171717,0.06745362563237774,0.09764309764309766,0.6175634264945984,167,qwen37,C3,0.7016686797142029,0.5514625310897827,0.06133220333470045,stop
VIRC-0001628280-21-007933,0.21933387489845652,0.08299430431244915,0.11697806661251016,0.6304163932800293,212,qwen37,C4,0.7098627090454102,0.5669631361961365,0.07917738772766898,stop
VIRC-0001628280-21-007933,0.17478991596638654,0.0707070707070707,0.09915966386554623,0.6278998255729675,169,qwen37,C5,0.709483802318573,0.5631436109542847,0.06228005853764252,stop
CSLT-0001433714-17-000049,0.34882506527415147,0.09409304756926294,0.15456919060052218,0.6808964014053345,1040,qwen37,C1,0.7584704160690308,0.6177181005477905,0.22777852927989897,stop
CSLT-0001433714-17-000049,0.15418502202643172,0.019867549668874173,0.07488986784140968,0.5018848180770874,129,qwen37,C1t,0.5865932106971741,0.4385543465614319,0.05545524890379158,stop
CSLT-0001433714-17-000049,0.32441760138050046,0.0898876404494382,0.15875754961173427,0.61854487657547,329,qwen37,C2,0.6914717555046082,0.5595331192016602,0.12983941881642252,stop
CSLT-0001433714-17-000049,0.3184466019417476,0.09727626459143969,0.14951456310679612,0.6233751773834229,225,qwen37,C3,0.7194970846176147,0.5499094724655151,0.10640664692652463,stop
CSLT-0001433714-17-000049,0.30237154150197626,0.11287128712871287,0.1422924901185771,0.6325287818908691,217,qwen37,C4,0.7173221111297607,0.5656628608703613,0.11163484933747353,stop
CSLT-0001433714-17-000049,0.3861066235864298,0.17313915857605178,0.18739903069466882,0.7283675074577332,534,qwen37,C5,0.7887895107269287,0.6765435338020325,0.2118843804648025,stop
LSEAW-0001731122-21-000373,0.45928529584065614,0.18533724340175953,0.18394844756883422,0.6954324841499329,620,qwen37,C1,0.7656279802322388,0.6370275020599365,0.22390499376475642,stop
LSEAW-0001731122-21-000373,0.3793103448275862,0.1602209944751381,0.1779310344827586,0.6704357862472534,395,qwen37,C1t,0.7480376958847046,0.6074215173721313,0.1600946335298601,stop
LSEAW-0001731122-21-000373,0.217787913340935,0.03881278538812785,0.10718358038768529,0.5899254083633423,588,qwen37,C2,0.6842184662818909,0.5184738636016846,0.11146289763670207,stop
LSEAW-0001731122-21-000373,0.2320522117476432,0.03921568627450981,0.1116751269035533,0.5660433769226074,323,qwen37,C3,0.687157392501831,0.48122555017471313,0.08254458225412162,stop
LSEAW-0001731122-21-000373,0.22056631892697465,0.04477611940298507,0.11326378539493294,0.559779703617096,262,qwen37,C4,0.6838424205780029,0.473819375038147,0.08335543098218912,stop
LSEAW-0001731122-21-000373,0.23932926829268292,0.05954198473282443,0.11890243902439025,0.6006582975387573,246,qwen37,C5,0.7016162872314453,0.5250998735427856,0.09042294559491718,stop
EZPW-0000876523-14-000102,0.37169811320754714,0.11531190926275992,0.1509433962264151,0.6522770524024963,268,qwen37,C1,0.7166029214859009,0.5985482931137085,0.13706455609869309,stop
EZPW-0000876523-14-000102,0.10476190476190476,0.02386634844868735,0.05952380952380953,0.49597567319869995,76,qwen37,C1t,0.6183096170425415,0.41405415534973145,0.035910159310524936,stop
EZPW-0000876523-14-000102,0.36846767050487156,0.07630878438331855,0.13994685562444642,0.640868604183197,307,qwen37,C2,0.7099922895431519,0.5840102434158325,0.13642276413277882,stop
EZPW-0000876523-14-000102,0.39907192575406036,0.08985282726568553,0.15931941221964424,0.6392659544944763,425,qwen37,C3,0.6884125471115112,0.59666907787323,0.17470049991214473,stop
EZPW-0000876523-14-000102,0.3582938388625593,0.08736942070275404,0.14976303317535547,0.613507091999054,289,qwen37,C4,0.691874623298645,0.55108642578125,0.13764755941171608,stop
EZPW-0000876523-14-000102,0.23490669593852906,0.061606160616061605,0.11196487376509331,0.6083036661148071,135,qwen37,C5,0.7168951034545898,0.5282822251319885,0.06485925541574783,stop
MTDR-0001520006-21-000056,0.31718061674008813,0.14474845542806708,0.1920704845814978,0.680141270160675,239,qwen37,C1,0.7577434182167053,0.6169573664665222,0.13994227393036332,stop
MTDR-0001520006-21-000056,0.26958105646630237,0.08394160583941607,0.12568306010928962,0.6406425833702087,205,qwen37,C1t,0.7169393301010132,0.5790229439735413,0.10251801182692831,stop
MTDR-0001520006-21-000056,0.30307941653160453,0.06818181818181819,0.15883306320907617,0.6188472509384155,308,qwen37,C2,0.719306230545044,0.5430099964141846,0.11616659768468235,stop
MTDR-0001520006-21-000056,0.17961654894046417,0.05662285136501517,0.10898082744702321,0.5935570001602173,102,qwen37,C3,0.7445183992385864,0.4934942424297333,0.05703008074861722,stop
MTDR-0001520006-21-000056,0.4070921985815603,0.21732954545454544,0.24822695035460993,0.707371175289154,500,qwen37,C4,0.8305150270462036,0.6160298585891724,0.25428197076737646,stop
MTDR-0001520006-21-000056,0.30769230769230765,0.10217755443886097,0.1739130434782609,0.6355554461479187,285,qwen37,C5,0.769734263420105,0.5412122011184692,0.12897900440230275,stop
SFNC-0001628280-21-003318,0.3264248704663213,0.04928664072632944,0.13212435233160622,0.6019174456596375,697,qwen37,C1,0.6311461925506592,0.5752760171890259,0.17652672654884446,stop
SFNC-0001628280-21-003318,0.13177470775770458,0.012779552715654952,0.06376195536663125,0.495491623878479,124,qwen37,C1t,0.5984662175178528,0.4227513074874878,0.05222616116073037,stop
SFNC-0001628280-21-003318,0.15339663988312638,0.01755669348939283,0.09642074506939373,0.5636245012283325,455,qwen37,C2,0.6554374694824219,0.49437326192855835,0.07465238203783907,stop
SFNC-0001628280-21-003318,0.25874125874125875,0.050788091068301226,0.11013986013986014,0.6726754307746887,363,qwen37,C3,0.7447792291641235,0.6133004426956177,0.10825454357786005,stop
SFNC-0001628280-21-003318,0.11371237458193979,0.029050279329608932,0.057971014492753624,0.5397810935974121,75,qwen37,C4,0.69167160987854,0.4425888657569885,0.040800474629306374,stop
SFNC-0001628280-21-003318,0.19168787107718405,0.04078164825828377,0.09329940627650551,0.5832960605621338,331,qwen37,C5,0.6832185983657837,0.5088721513748169,0.09644275337253548,stop
STSA-0001564590-21-015557,0.3793584379358438,0.12150837988826815,0.15481171548117156,0.6642587184906006,415,qwen37,C1,0.698009729385376,0.6336211562156677,0.1800090541993368,stop
STSA-0001564590-21-015557,0.32870708546384225,0.08924652523774688,0.1446311176040906,0.6857278347015381,420,qwen37,C1t,0.7107900977134705,0.6623728275299072,0.1546346003773399,stop
STSA-0001564590-21-015557,0.32373113854595337,0.07280219780219781,0.1344307270233196,0.6071165800094604,453,qwen37,C2,0.6240618824958801,0.5910671949386597,0.14761064221261094,stop
STSA-0001564590-21-015557,0.2779009608277901,0.06809770540340489,0.11382113821138211,0.6288788914680481,365,qwen37,C3,0.6383442282676697,0.6196900606155396,0.12057489598205538,stop
STSA-0001564590-21-015557,0.18877551020408165,0.04258943781942078,0.09863945578231292,0.6392782330513,209,qwen37,C4,0.6764088273048401,0.6060118675231934,0.07828015624905961,stop
STSA-0001564590-21-015557,0.2861356932153392,0.06499261447562776,0.1238938053097345,0.6433079242706299,371,qwen37,C5,0.6555555462837219,0.63150954246521,0.12959030600153632,stop
TJX-0000109198-21-000006,0.43502824858757067,0.14144271570014144,0.15112994350282485,0.7019620537757874,434,qwen37,C1,0.7470608353614807,0.6619983315467834,0.19544357094150033,stop
TJX-0000109198-21-000006,0.413391557496361,0.14285714285714285,0.1353711790393013,0.7296053767204285,457,qwen37,C1t,0.7754742503166199,0.6888597011566162,0.1968407418298612,stop
TJX-0000109198-21-000006,0.29140127388535036,0.0909090909090909,0.10828025477707007,0.6317940950393677,269,qwen37,C2,0.7123021483421326,0.5676368474960327,0.11346556496235737,stop
TJX-0000109198-21-000006,0.3367108339828527,0.11241217798594848,0.12626656274356976,0.6554636359214783,304,qwen37,C3,0.7506868839263916,0.5816787481307983,0.1300189832306751,stop
TJX-0000109198-21-000006,0.2548853016142736,0.08340425531914893,0.10365335598980459,0.6482235789299011,221,qwen37,C4,0.7558193802833557,0.5674442052841187,0.09406611367494165,stop
TJX-0000109198-21-000006,0.39151943462897526,0.13588110403397027,0.14275618374558305,0.7143344283103943,491,qwen37,C5,0.7812480926513672,0.6579787731170654,0.17847943470845062,stop
GRWG-0001213900-20-007584,0.3962264150943396,0.09450171821305843,0.15951972555746138,0.6319154500961304,379,qwen37,C1,0.7064444422721863,0.5716111660003662,0.1791693192785649,stop
GRWG-0001213900-20-007584,0.4037639007698888,0.09597257926306771,0.15055603079555177,0.6276746988296509,388,qwen37,C1t,0.7003737688064575,0.5686488151550293,0.190100652823685,stop
GRWG-0001213900-20-007584,0.2799575821845175,0.0871413390010627,0.13573700954400847,0.6039953231811523,182,qwen37,C2,0.7013174891471863,0.5303924679756165,0.10639399763042096,stop
GRWG-0001213900-20-007584,0.2765957446808511,0.08315565031982942,0.11914893617021276,0.6545556783676147,203,qwen37,C3,0.7411314249038696,0.5860910415649414,0.1085027889479829,stop
GRWG-0001213900-20-007584,0.2765957446808511,0.08315565031982942,0.11914893617021276,0.6545556783676147,203,qwen37,C4,0.7411314249038696,0.5860910415649414,0.1085027889479829,stop
GRWG-0001213900-20-007584,0.2808870116156283,0.08677248677248678,0.12038014783526926,0.6040034294128418,186,qwen37,C5,0.7031140327453613,0.5293819904327393,0.10828311269182637,stop
RIVE-0001193125-21-077350,0.2319545823195458,0.05686433793663688,0.10218978102189781,0.6181067824363708,187,qwen37,C1,0.7408517599105835,0.5302538871765137,0.07592335281550097,stop
RIVE-0001193125-21-077350,0.38499999999999995,0.08635794743429287,0.14500000000000002,0.6515269875526428,530,qwen37,C1t,0.7144789099693298,0.598770022392273,0.18569032648610465,stop
RIVE-0001193125-21-077350,0.25193199381761977,0.034055727554179564,0.10819165378670789,0.5895006656646729,251,qwen37,C2,0.6866174340248108,0.516452431678772,0.08194276503305754,stop
RIVE-0001193125-21-077350,0.13333333333333333,0.02493321460373998,0.064,0.5629816651344299,93,qwen37,C3,0.7265984416007996,0.4595087170600891,0.031859621605724926,stop
RIVE-0001193125-21-077350,0.17200674536256325,0.0777027027027027,0.08094435075885328,0.6036583781242371,152,qwen37,C4,0.769752025604248,0.4965212047100067,0.07929495419296397,stop
RIVE-0001193125-21-077350,0.12014134275618374,0.04070796460176991,0.05830388692579506,0.576718270778656,97,qwen37,C5,0.748195469379425,0.4691864848136902,0.03135717785399315,stop
FBRX-0001564590-21-013249,0.49137222678718157,0.19423868312757203,0.21035332785538208,0.6763776540756226,455,qwen37,C1,0.7548242211341858,0.612701416015625,0.2514217831373597,stop
FBRX-0001564590-21-013249,0.4292155094679892,0.1897018970189702,0.24346257889990983,0.6724926233291626,351,qwen37,C1t,0.7740773558616638,0.5944773554801941,0.20984779625554908,stop
FBRX-0001564590-21-013249,0.28480340063761955,0.09584664536741214,0.14452709883103082,0.6146811842918396,201,qwen37,C2,0.761719286441803,0.5152250528335571,0.11099000081345282,stop
FBRX-0001564590-21-013249,0.29715489989462596,0.08870116156282998,0.14120126448893572,0.662014365196228,240,qwen37,C3,0.7653517127037048,0.58326256275177,0.11288157514552627,stop
FBRX-0001564590-21-013249,0.3078512396694215,0.10559006211180125,0.1590909090909091,0.664327085018158,258,qwen37,C4,0.7937034368515015,0.5712168216705322,0.11872049016699443,stop
FBRX-0001564590-21-013249,0.32538860103626943,0.12253374870197299,0.1533678756476684,0.6847479343414307,258,qwen37,C5,0.7868866324424744,0.6060783863067627,0.13038192686939706,stop
DSL-0001072613-05-000757,0.36609686609686604,0.11982881597717547,0.16666666666666669,0.7366194128990173,456,qwen37,C1,0.7786864638328552,0.6988646388053894,0.161806791313749,stop
DSL-0001072613-05-000757,0.3047177107501933,0.12548412083656083,0.15313225058004643,0.7382499575614929,337,qwen37,C1t,0.8077526092529297,0.6797603368759155,0.12474897757333302,stop
DSL-0001072613-05-000757,0.33062730627306275,0.11825572801182557,0.16088560885608857,0.706458568572998,402,qwen37,C2,0.7558605670928955,0.6631180644035339,0.14282793833808,stop
DSL-0001072613-05-000757,0.1372549019607843,0.04821428571428571,0.0873440285204991,0.6474701166152954,137,qwen37,C3,0.7233361005783081,0.5860076546669006,0.048580609605485735,stop
DSL-0001072613-05-000757,0.32200886262924666,0.11242603550295859,0.15066469719350076,0.7251092791557312,418,qwen37,C4,0.7856045365333557,0.6732646822929382,0.14774918180378885,stop
DSL-0001072613-05-000757,0.1372549019607843,0.04821428571428571,0.0873440285204991,0.6474701166152954,137,qwen37,C5,0.7233361005783081,0.5860076546669006,0.048580609605485735,stop
AEE-0001002910-21-000065,0.34543010752688164,0.0901749663526245,0.15053763440860216,0.6690172553062439,453,qwen37,C1,0.7189418077468872,0.6255761384963989,0.14440040681638955,stop
AEE-0001002910-21-000065,0.5504490227152669,0.19037546271813857,0.17115689381933435,0.7482075691223145,893,qwen37,C1t,0.7500106692314148,0.7464131116867065,0.2941150599348317,stop
AEE-0001002910-21-000065,0.19268110530246457,0.013462976813762153,0.11202389843166541,0.5597784519195557,314,qwen37,C2,0.6864385604858398,0.4725792407989502,0.06696064259303136,stop
AEE-0001002910-21-000065,0.19365079365079366,0.012718600953895072,0.11746031746031746,0.5472263097763062,234,qwen37,C3,0.6745073795318604,0.46035611629486084,0.06322000561955606,stop
AEE-0001002910-21-000065,0.15972812234494477,0.008510638297872339,0.0951571792693288,0.5333157181739807,156,qwen37,C4,0.6701394319534302,0.4428899884223938,0.04487482286254134,stop
AEE-0001002910-21-000065,0.2068965517241379,0.01127554615926709,0.13230119634060522,0.5555444955825806,397,qwen37,C5,0.6820436716079712,0.46862778067588806,0.07978892414356668,stop
CSV-0001016281-21-000071,0.5148895292987512,0.20789220404234843,0.22478386167146974,0.7165224552154541,356,qwen37,C1,0.7479265928268433,0.6876493096351624,0.23902990853756648,stop
CSV-0001016281-21-000071,0.49818971759594494,0.1740391588107324,0.20709630702389573,0.7196257710456848,681,qwen37,C1t,0.6986638307571411,0.7418844699859619,0.28446469378230993,stop
CSV-0001016281-21-000071,0.4060150375939849,0.10209205020920502,0.15371762740183795,0.6392859220504761,487,qwen37,C2,0.7000508308410645,0.588227391242981,0.18793755824656266,stop
CSV-0001016281-21-000071,0.4347826086956522,0.12079207920792079,0.17786561264822134,0.6435933709144592,333,qwen37,C3,0.7144180536270142,0.5855447053909302,0.1812089963841217,stop
CSV-0001016281-21-000071,0.3004807692307692,0.12530120481927712,0.15384615384615385,0.6875938177108765,191,qwen37,C4,0.7407974004745483,0.6415202021598816,0.11934982464636365,stop
CSV-0001016281-21-000071,0.36043956043956044,0.12114537444933923,0.16043956043956045,0.6509273052215576,242,qwen37,C5,0.6946566104888916,0.6123774647712708,0.14245056403745684,stop
BOXL-0001493152-21-007447,0.4210526315789474,0.1307936507936508,0.17374762206721625,0.6705299615859985,659,qwen37,C1,0.7116512656211853,0.6339012980461121,0.21726451045082312,stop
BOXL-0001493152-21-007447,0.42051282051282046,0.12619222303741745,0.1772893772893773,0.6525293588638306,473,qwen37,C1t,0.6905579566955566,0.6184705495834351,0.20104093318506985,stop
BOXL-0001493152-21-007447,0.32357723577235775,0.08306188925081433,0.15121951219512195,0.6186749935150146,326,qwen37,C2,0.6809933185577393,0.5668060779571533,0.11508158449816834,stop
BOXL-0001493152-21-007447,0.326241134751773,0.08366219415943173,0.16233254531126873,0.6349037885665894,376,qwen37,C3,0.7100383639335632,0.5741487145423889,0.10919099640856567,stop
BOXL-0001493152-21-007447,0.328335832083958,0.07357357357357358,0.16041979010494753,0.6400689482688904,457,qwen37,C4,0.6884335279464722,0.5980538129806519,0.13760463476407486,stop
BOXL-0001493152-21-007447,0.36256544502617805,0.09567496723460027,0.1505235602094241,0.6613016724586487,683,qwen37,C5,0.6956847310066223,0.6301572918891907,0.1836343108888411,stop
FCCY-0001141807-21-000005,0.08629032258064516,0.008071025020177564,0.042741935483870966,0.5158666372299194,1712,gemma26,C1,0.564045786857605,0.4752703905105591,0.06477024070021882,length
FCCY-0001141807-21-000005,0.3666026871401151,0.11730769230769231,0.1746641074856046,0.6482374668121338,276,gemma26,C1t,0.6938982009887695,0.6082150340080261,0.15368015295937965,stop
FCCY-0001141807-21-000005,0.16647127784290738,0.018801410105757935,0.08675263774912076,0.5268704891204834,105,gemma26,C2,0.6040703058242798,0.46716681122779846,0.057302771855010655,stop
FCCY-0001141807-21-000005,0.15813953488372093,0.016317016317016316,0.09534883720930235,0.5399244427680969,114,gemma26,C3,0.6488699913024902,0.4623034596443176,0.051636266094420596,stop
FCCY-0001141807-21-000005,0.3803571428571429,0.0966010733452594,0.14821428571428572,0.6369881629943848,350,gemma26,C4,0.6732824444770813,0.6044067144393921,0.16375567080307385,stop
FCCY-0001141807-21-000005,0.1598173515981735,0.032036613272311214,0.07990867579908675,0.5250774025917053,131,gemma26,C5,0.6140602827072144,0.4586194157600403,0.06687796256768032,stop
PEI-0001564590-21-013558,0.2707493956486704,0.06941081517352703,0.12409347300564062,0.6130853891372681,225,gemma26,C1,0.6999388337135315,0.5454072952270508,0.09727914596213222,stop
PEI-0001564590-21-013558,0.2772908366533865,0.07023144453312051,0.12430278884462151,0.6135380268096924,240,gemma26,C1t,0.6971064805984497,0.5478609800338745,0.10209074294145634,stop
PEI-0001564590-21-013558,0.2109704641350211,0.055790363482671176,0.10464135021097046,0.5924897789955139,176,gemma26,C2,0.6695660352706909,0.5313267111778259,0.07687100840640512,stop
PEI-0001564590-21-013558,0.23108218063466232,0.04726976365118175,0.09926769731489016,0.6055474281311035,225,gemma26,C3,0.6693469285964966,0.5528517961502075,0.0894824503525104,stop
PEI-0001564590-21-013558,0.21680672268907566,0.04040404040404041,0.08739495798319327,0.6047623157501221,183,gemma26,C4,0.6753738522529602,0.5475183725357056,0.0768998486596049,stop
PEI-0001564590-21-013558,0.04448742746615087,0.005813953488372094,0.03288201160541586,0.45182427763938904,36,gemma26,C5,0.5890369415283203,0.3664596974849701,0.016203261599502198,stop
FTK-0000928054-21-000044,0.3649503161698284,0.1429864253393665,0.17163504968383017,0.6518595814704895,382,gemma26,C1,0.6569972038269043,0.6468017101287842,0.17531133770737187,stop
FTK-0000928054-21-000044,0.3267015706806283,0.13431269674711435,0.18010471204188483,0.6680001616477966,236,gemma26,C1t,0.7221401929855347,0.621411919593811,0.14462096300393487,stop
FTK-0000928054-21-000044,0.43046944198405673,0.14551907719609583,0.17006200177147918,0.656809389591217,398,gemma26,C2,0.7052133083343506,0.6146233081817627,0.17675171913657697,stop
FTK-0000928054-21-000044,0.3775811209439528,0.13596059113300493,0.16519174041297935,0.6365559101104736,296,gemma26,C3,0.6951155662536621,0.5870963335037231,0.15539417583948725,stop
FTK-0000928054-21-000044,0.2746331236897275,0.10714285714285714,0.13836477987421386,0.6125826239585876,231,gemma26,C4,0.6562727093696594,0.574346661567688,0.10442266458132571,stop
FTK-0000928054-21-000044,0.20912124582869854,0.06465997770345597,0.11123470522803114,0.5281582474708557,185,gemma26,C5,0.5920056104660034,0.4767420291900635,0.08273264938691527,stop
SOI-0001697500-21-000019,0.2541924095322154,0.10610079575596817,0.14651368049426303,0.6482590436935425,193,gemma26,C1,0.7318798303604126,0.581787109375,0.09332865427989712,stop
SOI-0001697500-21-000019,0.05779153766769866,0.010341261633919338,0.04540763673890609,0.509689450263977,40,gemma26,C1t,0.6682980060577393,0.41192615032196045,0.01953336950623983,stop
SOI-0001697500-21-000019,0.2123730378578024,0.09065679925994449,0.13111726685133887,0.6193674802780151,138,gemma26,C2,0.7120678424835205,0.5480232238769531,0.07373545321437161,stop
SOI-0001697500-21-000019,0.2354014598540146,0.08957952468007313,0.12773722627737227,0.6250637173652649,150,gemma26,C3,0.7246838808059692,0.5495225191116333,0.07364053284391882,stop
SOI-0001697500-21-000019,0.22764227642276427,0.09773755656108596,0.13911472448057813,0.624841570854187,161,gemma26,C4,0.7130851149559021,0.5560330152511597,0.07996324406367408,stop
SOI-0001697500-21-000019,0.20351526364477338,0.08526413345690455,0.11840888066604995,0.6201815605163574,135,gemma26,C5,0.7035819292068481,0.5544579029083252,0.06995961028878847,stop
ORGO-0001193125-21-082849,0.17092511013215858,0.08296557811120918,0.12158590308370044,0.6424726843833923,130,gemma26,C1,0.6935830116271973,0.5983781218528748,0.06233508861040683,stop
ORGO-0001193125-21-082849,0.08880666049953746,0.03151065801668212,0.07030527289546716,0.5580514669418335,80,gemma26,C1t,0.601669430732727,0.5203301310539246,0.035471030015059454,stop
ORGO-0001193125-21-082849,0.37666900913562895,0.14356087262491202,0.1770906535488405,0.6375790238380432,377,gemma26,C2,0.6654795408248901,0.6119238138198853,0.14686387113492705,stop
ORGO-0001193125-21-082849,0.44216290212183434,0.157642220699109,0.20944558521560575,0.6854119300842285,423,gemma26,C3,0.7737593650817871,0.6151719093322754,0.13992921251033105,stop
ORGO-0001193125-21-082849,0.39972432804962094,0.14216701173222912,0.18883528600964855,0.6370975971221924,406,gemma26,C4,0.6660876274108887,0.6105256676673889,0.1359320875189474,stop
ORGO-0001193125-21-082849,0.36167146974063397,0.12987012987012986,0.15706051873198848,0.6358745098114014,352,gemma26,C5,0.6710022687911987,0.6042417287826538,0.13111727393627204,stop
WELL-0001564590-21-015812,0.14348981399468558,0.0479148181011535,0.0992028343666962,0.5909733176231384,113,gemma26,C1,0.6709111332893372,0.5280563831329346,0.044991001799640065,stop
WELL-0001564590-21-015812,0.025365853658536584,0.0039100684261974585,0.01951219512195122,0.38627082109451294,20,gemma26,C1t,0.5162492394447327,0.30857861042022705,0.01156503036437247,stop
WELL-0001564590-21-015812,0.21476510067114093,0.08739495798319327,0.12751677852348992,0.602950930595398,165,gemma26,C2,0.6758111715316772,0.5442720651626587,0.06799315679857187,stop
WELL-0001564590-21-015812,0.1275415896487985,0.05000000000000001,0.10166358595194086,0.6241738200187683,68,gemma26,C3,0.757159948348999,0.5309234857559204,0.03818636220328509,stop
WELL-0001564590-21-015812,0.29193548387096774,0.18739903069466882,0.20483870967741938,0.69666987657547,221,gemma26,C4,0.8164052963256836,0.6075636148452759,0.1307993498817967,stop
WELL-0001564590-21-015812,0.03685741998060135,0.009718172983479106,0.032977691561590694,0.509922981262207,24,gemma26,C5,0.6536669135093689,0.41800248622894287,0.012072156664055355,stop
AMAL-0001823608-21-000010,0.14545454545454545,0.019080659150043366,0.07099567099567099,0.5634540319442749,117,gemma26,C1,0.6556780934333801,0.49397435784339905,0.05086878586703491,stop
AMAL-0001823608-21-000010,0.024856596558317394,0.0038314176245210726,0.017208413001912046,0.4125151038169861,20,gemma26,C1t,0.5715580582618713,0.3227155804634094,0.010048231511254018,stop
AMAL-0001823608-21-000010,0.270687237026648,0.046348314606741575,0.11500701262272087,0.5968440771102905,359,gemma26,C2,0.6442021727561951,0.555972158908844,0.11525556092086776,stop
AMAL-0001823608-21-000010,0.12488849241748438,0.010723860589812331,0.06422836752899197,0.5683863162994385,89,gemma26,C3,0.68812096118927,0.48414409160614014,0.04231889432004032,stop
AMAL-0001823608-21-000010,0.13085764809902742,0.012400354295837024,0.07073386383731212,0.5685185790061951,100,gemma26,C4,0.6778424382209778,0.48956120014190674,0.04377857699052253,stop
AMAL-0001823608-21-000010,0.22815533980582522,0.03403565640194489,0.09223300970873786,0.5920220017433167,199,gemma26,C5,0.6686192750930786,0.5311708450317383,0.07344966972296164,stop
CCO-0001271833-21-000004,0.21933387489845657,0.043938161106590726,0.09748172217709179,0.5963724851608276,206,gemma26,C1,0.6818170547485352,0.5299586057662964,0.07874315109770767,stop
CCO-0001271833-21-000004,0.21035058430717862,0.07023411371237458,0.0984974958263773,0.6208813190460205,176,gemma26,C1t,0.7271877527236938,0.5416921973228455,0.07697547032597306,stop
CCO-0001271833-21-000004,0.20606060606060608,0.03186646433990895,0.10303030303030304,0.5778606534004211,268,gemma26,C2,0.6962872743606567,0.4938630163669586,0.07307503678273664,stop
CCO-0001271833-21-000004,0.17089678510998307,0.023728813559322035,0.08460236886632827,0.5645014643669128,138,gemma26,C3,0.7104344367980957,0.46830520033836365,0.046293591337245685,stop
CCO-0001271833-21-000004,0.22320117474302495,0.039705882352941174,0.11306901615271658,0.5845820307731628,298,gemma26,C4,0.7008084058761597,0.5014230012893677,0.07149528351511793,stop
CCO-0001271833-21-000004,0.2842928216062544,0.08113879003558719,0.1535181236673774,0.6328564882278442,357,gemma26,C5,0.7788587808609009,0.5329512357711792,0.11922628502136266,stop
MERC-0001564590-20-004625,0.4040404040404041,0.14295347269049224,0.16430976430976432,0.6930890679359436,463,gemma26,C1,0.7090469598770142,0.6778336763381958,0.16548100135530586,stop
MERC-0001564590-20-004625,0.3362193362193362,0.09826589595375723,0.12842712842712842,0.6443657875061035,365,gemma26,C1t,0.6732379794120789,0.617868185043335,0.12775940109932862,stop
MERC-0001564590-20-004625,0.3162518301610542,0.08064516129032259,0.13030746705710103,0.6163697838783264,325,gemma26,C2,0.6690773367881775,0.5713601112365723,0.1046645760870129,stop
MERC-0001564590-20-004625,0.22988505747126436,0.06578947368421052,0.10673234811165845,0.6092902421951294,197,gemma26,C3,0.6630411148071289,0.5636007189750671,0.07474869830545607,stop
MERC-0001564590-20-004625,0.23089700996677742,0.06988352745424294,0.1079734219269103,0.6121296882629395,189,gemma26,C4,0.6671952605247498,0.5654606223106384,0.07974193626034386,stop
MERC-0001564590-20-004625,0.1625874125874126,0.04378283712784589,0.08041958041958042,0.5716783404350281,137,gemma26,C5,0.6332617998123169,0.5210110545158386,0.05579766757546417,stop
KIRK-0001564590-21-015837,0.23915343915343915,0.06362672322375398,0.11851851851851852,0.6050168871879578,190,gemma26,C1,0.6695808172225952,0.5518090724945068,0.08355929239846362,stop
KIRK-0001564590-21-015837,0.03137254901960784,0.005242463958060289,0.023529411764705882,0.37876808643341064,20,gemma26,C1t,0.5315024852752686,0.2942200303077698,0.01423534579220072,stop
KIRK-0001564590-21-015837,0.2224428997020854,0.017910447761194027,0.1112214498510427,0.558439314365387,243,gemma26,C2,0.6377307772636414,0.49668461084365845,0.07409440175631175,stop
KIRK-0001564590-21-015837,0.2418879056047198,0.017733990147783252,0.12586037364798427,0.5880531668663025,258,gemma26,C3,0.6869895458221436,0.5140259861946106,0.09055716853311213,stop
KIRK-0001564590-21-015837,0.2571428571428572,0.02044989775051125,0.12448979591836734,0.594148576259613,221,gemma26,C4,0.6867534518241882,0.5235506892204285,0.08851407861722888,stop
KIRK-0001564590-21-015837,0.23076923076923078,0.019762845849802372,0.11637080867850101,0.5650982856750488,250,gemma26,C5,0.6405211091041565,0.5055665969848633,0.07878870923540697,stop
AGYS-0001564590-20-026737,0.24394618834080722,0.09344115004492363,0.1273542600896861,0.6367091536521912,176,gemma26,C1,0.6884438991546631,0.5922063589096069,0.0866900995934572,stop
AGYS-0001564590-20-026737,0.016789087093389297,0.0,0.010493179433368312,0.3893090784549713,20,gemma26,C1t,0.5331447124481201,0.30659395456314087,0.00771094954835867,stop
AGYS-0001564590-20-026737,0.21896684656900536,0.03397683397683398,0.09714726291441789,0.5849644541740417,292,gemma26,C2,0.666771650314331,0.5210375785827637,0.07874179099685827,stop
AGYS-0001564590-20-026737,0.1622103386809269,0.02142857142857143,0.0659536541889483,0.5684840083122253,153,gemma26,C3,0.6744798421859741,0.49127858877182007,0.043816942551119765,stop
AGYS-0001564590-20-026737,0.2633181126331811,0.03201219512195121,0.1263318112633181,0.5716392397880554,311,gemma26,C4,0.65444415807724,0.5074349641799927,0.09944415282239377,stop
AGYS-0001564590-20-026737,0.29514097180563886,0.02882882882882883,0.11397720455908818,0.5901825428009033,670,gemma26,C5,0.672275722026825,0.5259566903114319,0.11757721303036824,stop
GRSVW-0001564590-21-009507,0.32989690721649484,0.11061946902654866,0.13696612665684832,0.6570140719413757,308,gemma26,C1,0.7001304626464844,0.6189001798629761,0.1387516827006705,stop
GRSVW-0001564590-21-009507,0.29573170731707316,0.10076335877862595,0.12804878048780488,0.6493292450904846,259,gemma26,C1t,0.6992466449737549,0.606063961982727,0.1139045909401852,stop
GRSVW-0001564590-21-009507,0.27150749802683505,0.09644268774703556,0.11996842936069456,0.6356870532035828,217,gemma26,C2,0.7031646966934204,0.5800261497497559,0.10505480724346031,stop
GRSVW-0001564590-21-009507,0.017029328287606435,0.001895734597156398,0.015137180700094609,0.38775932788848877,21,gemma26,C3,0.5388625860214233,0.30283963680267334,0.009930486593843097,stop
GRSVW-0001564590-21-009507,0.15,0.05699481865284973,0.07413793103448277,0.610343337059021,116,gemma26,C4,0.7113050222396851,0.5344799757003784,0.05578046735035167,stop
GRSVW-0001564590-21-009507,0.27450980392156865,0.10369206598586017,0.12549019607843137,0.6460788249969482,226,gemma26,C5,0.7168679237365723,0.5880138278007507,0.1075944627930498,stop
CIA-0000024090-21-000012,0.16505894962486603,0.05155746509129967,0.08574490889603431,0.5623828768730164,92,gemma26,C1,0.7134814262390137,0.46409785747528076,0.06355178768193498,stop
CIA-0000024090-21-000012,0.3771712158808933,0.12096106048053024,0.1455748552522746,0.628993034362793,354,gemma26,C1t,0.699934720993042,0.5711084604263306,0.1637126032394118,stop
CIA-0000024090-21-000012,0.2585034013605442,0.07205452775073029,0.11273080660835762,0.5927777886390686,177,gemma26,C2,0.6950471997261047,0.5167438983917236,0.09926271315467303,stop
CIA-0000024090-21-000012,0.19502074688796678,0.04781704781704782,0.1078838174273859,0.5767568945884705,119,gemma26,C3,0.7023265361785889,0.48927831649780273,0.06955476685421674,stop
CIA-0000024090-21-000012,0.25675675675675674,0.06963249516441006,0.1274131274131274,0.5796523690223694,184,gemma26,C4,0.6921190023422241,0.49862733483314514,0.10161146895044477,stop
CIA-0000024090-21-000012,0.32707774798927614,0.09131602506714413,0.1322609472743521,0.6357134580612183,288,gemma26,C5,0.7559557557106018,0.5484732985496521,0.1364666795073804,stop
ALTO-0001213900-21-017995,0.3022452504317789,0.16089965397923875,0.16753022452504318,0.6440443992614746,195,gemma26,C1,0.7784648537635803,0.5492101907730103,0.11096666459786073,stop
ALTO-0001213900-21-017995,0.32,0.13856427378964942,0.1733333333333333,0.6341642141342163,240,gemma26,C1t,0.7387982606887817,0.5554913878440857,0.11889448875132581,stop
ALTO-0001213900-21-017995,0.25571549534292976,0.08821034775233248,0.09652836579170194,0.6004278063774109,220,gemma26,C2,0.7111635208129883,0.51953125,0.09469786082196026,stop
ALTO-0001213900-21-017995,0.213713268032057,0.060660124888492414,0.1068566340160285,0.5889396667480469,167,gemma26,C3,0.6999419331550598,0.508325457572937,0.07285369731555105,stop
ALTO-0001213900-21-017995,0.24564459930313587,0.0837696335078534,0.11149825783972124,0.606439471244812,189,gemma26,C4,0.7304114699363708,0.5184444785118103,0.09274963840317214,stop
ALTO-0001213900-21-017995,0.29170024174053183,0.07909604519774012,0.1160354552780016,0.6149472594261169,278,gemma26,C5,0.7030301690101624,0.5464787483215332,0.11378825528287637,stop
CPB-0000016732-19-000070,0.3141210374639769,0.07359307359307359,0.17146974063400577,0.6207395792007446,667,gemma26,C1,0.6608132123947144,0.5852483510971069,0.176447440897559,stop
CPB-0000016732-19-000070,0.14321608040201006,0.04534005037783376,0.08793969849246232,0.5403270125389099,84,gemma26,C1t,0.646019697189331,0.46435561776161194,0.04345850876714145,stop
CPB-0000016732-19-000070,0.2707993474714519,0.049019607843137254,0.18433931484502447,0.5914521813392639,493,gemma26,C2,0.6818934679031372,0.5221924185752869,0.13636887278275797,stop
CPB-0000016732-19-000070,0.2393305439330544,0.04358759430008382,0.18410041841004185,0.571682333946228,468,gemma26,C3,0.6776052713394165,0.4943982660770416,0.11719525283785918,stop
CPB-0000016732-19-000070,0.13358070500927646,0.016728624535315983,0.09647495361781076,0.5351768732070923,346,gemma26,C4,0.6397054195404053,0.46001073718070984,0.06744719186744964,stop
CPB-0000016732-19-000070,0.26905829596412556,0.041916167664670656,0.16143497757847533,0.5909719467163086,605,gemma26,C5,0.6755925416946411,0.5251898765563965,0.1411067878153776,stop
MTOR-0001113256-20-000123,0.35877862595419846,0.16513761467889906,0.17251908396946564,0.6647518873214722,315,gemma26,C1,0.7714885473251343,0.5839600563049316,0.14947996746992293,stop
MTOR-0001113256-20-000123,0.32532051282051283,0.15088282504012843,0.16346153846153846,0.6669016480445862,264,gemma26,C1t,0.7774162292480469,0.5838969945907593,0.13237347228745516,stop
MTOR-0001113256-20-000123,0.2612359550561798,0.047819971870604785,0.1404494382022472,0.5914941430091858,431,gemma26,C2,0.6908829808235168,0.5171046257019043,0.11616192626499239,stop
MTOR-0001113256-20-000123,0.25431034482758624,0.03741007194244604,0.15373563218390804,0.5843404531478882,402,gemma26,C3,0.7009358406066895,0.5010025501251221,0.10435201082994354,stop
MTOR-0001113256-20-000123,0.2992481203007519,0.0496987951807229,0.15338345864661654,0.6002888679504395,340,gemma26,C4,0.7033029794692993,0.5235966444015503,0.12345612429452402,stop
MTOR-0001113256-20-000123,0.26996805111821087,0.04,0.13738019169329074,0.5781939029693604,261,gemma26,C5,0.6862900257110596,0.49951618909835815,0.09797855735121402,stop
LZB-0001047469-19-003700,0.13706041478809738,0.05239385727190605,0.06853020739404869,0.5837016701698303,89,gemma26,C1,0.6950517296791077,0.5031026601791382,0.04990612999676373,stop
LZB-0001047469-19-003700,0.1203281677301732,0.04931506849315069,0.06563354603463993,0.603007972240448,81,gemma26,C1t,0.7371352314949036,0.5101774334907532,0.04128805513772126,stop
LZB-0001047469-19-003700,0.14821428571428572,0.05545617173524151,0.1,0.617408037185669,102,gemma26,C2,0.7307993173599243,0.5344780683517456,0.05243176897874262,stop
LZB-0001047469-19-003700,0.1737649063032368,0.042662116040955635,0.0919931856899489,0.5972424745559692,157,gemma26,C3,0.6588071584701538,0.5462006330490112,0.061569624405136816,stop
LZB-0001047469-19-003700,0.19644369178662152,0.05767599660729431,0.10668924640135477,0.6090235710144043,162,gemma26,C4,0.6774448156356812,0.5531554222106934,0.06750973231488075,stop
LZB-0001047469-19-003700,0.1808960270498732,0.04233700254022016,0.09298393913778528,0.6031044721603394,165,gemma26,C5,0.6590413451194763,0.5559200644493103,0.06540976364037994,stop
ATR-0000896622-21-000005,0.29623567921440264,0.07049180327868852,0.12274959083469723,0.6563223004341125,284,gemma26,C1,0.6984559297561646,0.61898273229599,0.12065151615561175,stop
ATR-0000896622-21-000005,0.26900584795321636,0.06025104602510461,0.10860484544695072,0.641786515712738,264,gemma26,C1t,0.6817589998245239,0.6062417030334473,0.10928778147165734,stop
ATR-0000896622-21-000005,0.337200309358082,0.07745933384972889,0.131477184841454,0.6633665561676025,350,gemma26,C2,0.6908289790153503,0.6380040645599365,0.13617282361425243,stop
ATR-0000896622-21-000005,0.2683127572016461,0.05276174773289365,0.11851851851851851,0.6212659478187561,268,gemma26,C3,0.6648293137550354,0.583060622215271,0.10600469184159507,stop
ATR-0000896622-21-000005,0.264855687606112,0.05782312925170069,0.11205432937181665,0.6435986161231995,237,gemma26,C4,0.6898612380027771,0.6031508445739746,0.112691389579302,stop
ATR-0000896622-21-000005,0.30400000000000005,0.059294871794871785,0.12159999999999999,0.6476039290428162,308,gemma26,C5,0.6779050230979919,0.6198957562446594,0.12461785480188921,stop
GOEVW-0001558370-21-003823,0.3413793103448276,0.16580310880829016,0.19999999999999998,0.6685110330581665,248,gemma26,C1,0.7497295141220093,0.6031694412231445,0.14346147097600775,stop
GOEVW-0001558370-21-003823,0.2303370786516854,0.07692307692307693,0.12172284644194759,0.6196144223213196,167,gemma26,C1t,0.6871435642242432,0.5641705393791199,0.08197059619146065,stop
GOEVW-0001558370-21-003823,0.2982005141388175,0.08583690987124463,0.14738646101113967,0.6268771886825562,260,gemma26,C2,0.6678048968315125,0.5906765460968018,0.11178740584096174,stop
GOEVW-0001558370-21-003823,0.2760416666666667,0.06956521739130435,0.1527777777777778,0.6147655844688416,240,gemma26,C3,0.6646690368652344,0.5718323588371277,0.10134831989363023,stop
GOEVW-0001558370-21-003823,0.30058774139378674,0.07569386038687972,0.1427371956339211,0.6195275187492371,284,gemma26,C4,0.6513240337371826,0.5906910300254822,0.12003714951788884,stop
GOEVW-0001558370-21-003823,0.3047138047138047,0.07925801011804384,0.132996632996633,0.6262798309326172,284,gemma26,C5,0.6548859477043152,0.6000683307647705,0.12982561423263422,stop
UMBF-0001564590-19-005761,0.1851512373968836,0.007346189164370983,0.10999083409715858,0.5442349910736084,339,gemma26,C1,0.6417545080184937,0.4724436402320862,0.07062733693394267,stop
UMBF-0001564590-19-005761,0.28009259259259256,0.14849187935034802,0.1712962962962963,0.6303014755249023,159,gemma26,C1t,0.7292619943618774,0.5549896955490112,0.1228253864018442,stop
UMBF-0001564590-19-005761,0.16261879619852165,0.004232804232804232,0.08236536430834213,0.5397363901138306,212,gemma26,C2,0.6511299014091492,0.4608888030052185,0.06784745036423367,stop
UMBF-0001564590-19-005761,0.1865079365079365,0.015904572564612324,0.09126984126984128,0.5451701283454895,275,gemma26,C3,0.6381149291992188,0.4758588671684265,0.0748438296805971,stop
UMBF-0001564590-19-005761,0.21240799158780233,0.018967334035827187,0.09463722397476342,0.5570268630981445,224,gemma26,C4,0.6648423075675964,0.47930026054382324,0.09265936287338405,stop
UMBF-0001564590-19-005761,0.1791713325867861,0.015712682379349044,0.08958566629339305,0.5479163527488708,178,gemma26,C5,0.6545029282569885,0.47118353843688965,0.05885739264810915,stop
UIHC-0001401521-21-000013,0.35227272727272724,0.1024390243902439,0.14935064935064934,0.6313552856445312,336,gemma26,C1,0.6953608989715576,0.5781395435333252,0.1484871972679965,stop
UIHC-0001401521-21-000013,0.317948717948718,0.0839041095890411,0.14017094017094017,0.6300989389419556,279,gemma26,C1t,0.684450626373291,0.5837442874908447,0.1198884291298872,stop
UIHC-0001401521-21-000013,0.26761819803746656,0.06970509383378017,0.11953612845673506,0.6100435256958008,226,gemma26,C2,0.6872794032096863,0.5484132766723633,0.10424732251096062,stop
UIHC-0001401521-21-000013,0.23595505617977527,0.07692307692307693,0.11048689138576778,0.6142678260803223,173,gemma26,C3,0.6996546983718872,0.5474555492401123,0.0869852428066677,stop
UIHC-0001401521-21-000013,0.20821394460362944,0.05933014354066985,0.09933142311365807,0.599266529083252,152,gemma26,C4,0.692573070526123,0.5281164050102234,0.07591091178530435,stop
UIHC-0001401521-21-000013,0.2692648361381754,0.0709849157054126,0.11514614703277237,0.6131907105445862,234,gemma26,C5,0.6841460466384888,0.5555704832077026,0.1036405975063765,stop
ARYA-0001213900-19-004781,0.5202952029520295,0.2365988909426987,0.24538745387453875,0.69523024559021,427,gemma26,C1,0.749759316444397,0.6480951905250549,0.2855817301109554,stop
ARYA-0001213900-19-004781,0.443024494142705,0.2049092849519744,0.2257720979765708,0.6798234581947327,289,gemma26,C1t,0.7460542917251587,0.624393105506897,0.22302330782096877,stop
ARYA-0001213900-19-004781,0.46376811594202894,0.17424975798644723,0.17971014492753626,0.6457329392433167,394,gemma26,C2,0.6847966909408569,0.6108853220939636,0.23812628277288292,stop
ARYA-0001213900-19-004781,0.33849821215733017,0.13381123058542413,0.14064362336114422,0.6263422966003418,198,gemma26,C3,0.6955627202987671,0.5696521997451782,0.1493879411633368,stop
ARYA-0001213900-19-004781,0.2576530612244898,0.09718670076726343,0.13010204081632654,0.5872362852096558,147,gemma26,C4,0.6671499609947205,0.524419367313385,0.09855126258975694,stop
ARYA-0001213900-19-004781,0.46327683615819204,0.15849056603773584,0.18267419962335216,0.6440929174423218,418,gemma26,C5,0.6781574487686157,0.6132869720458984,0.2331983132127631,stop
THM-0001104659-20-030970,0.3209242618741977,0.10539845758354756,0.18228498074454427,0.6573946475982666,488,gemma26,C1,0.7737494707107544,0.5714597702026367,0.16693550310388075,stop
THM-0001104659-20-030970,0.3219264892268695,0.10279187817258884,0.18250950570342206,0.6581037640571594,502,gemma26,C1t,0.7705520391464233,0.5742956399917603,0.1680401086361618,stop
THM-0001104659-20-030970,0.2220408163265306,0.11120196238757153,0.13551020408163267,0.6395437121391296,194,gemma26,C2,0.7624372839927673,0.5507680177688599,0.08886898083756732,stop
THM-0001104659-20-030970,0.20678246484698096,0.1043910521955261,0.12737799834574026,0.635468065738678,179,gemma26,C3,0.7639209032058716,0.5439954996109009,0.0849068642014121,stop
THM-0001104659-20-030970,0.20826446280991737,0.1043046357615894,0.12727272727272726,0.6359364986419678,180,gemma26,C4,0.765444278717041,0.5439106822013855,0.08440520880515047,stop
THM-0001104659-20-030970,0.1819727891156463,0.09369676320272573,0.11904761904761905,0.6296404004096985,150,gemma26,C5,0.7600843906402588,0.537411093711853,0.07208277103013945,stop
TITN-0001409171-20-000015,0.31777378815080787,0.08093525179856115,0.1400359066427289,0.6565054059028625,247,gemma26,C1,0.7557737827301025,0.5802867412567139,0.11693227904419479,stop
TITN-0001409171-20-000015,0.2371859296482412,0.09063444108761329,0.12261306532663317,0.6486859321594238,151,gemma26,C1t,0.7266390323638916,0.5858378410339355,0.09608468959230033,stop
TITN-0001409171-20-000015,0.3014154870940883,0.028356964136780655,0.12656119900083262,0.5817025899887085,326,gemma26,C2,0.6514996290206909,0.525413453578949,0.11792378631020377,stop
TITN-0001409171-20-000015,0.20614469772051536,0.015888778550148957,0.09514370664023784,0.5531606674194336,156,gemma26,C3,0.6517713665962219,0.4804675579071045,0.06806799697516502,stop
TITN-0001409171-20-000015,0.21981981981981985,0.010830324909747292,0.10990990990990993,0.5594319105148315,244,gemma26,C4,0.652023434638977,0.48986756801605225,0.09004529528255942,stop
TITN-0001409171-20-000015,0.2755705832628909,0.027095681625740897,0.11496196111580728,0.5709539651870728,310,gemma26,C5,0.6460105180740356,0.5115227699279785,0.09848842337755864,stop
APOG-0000006845-21-000010,0.24652087475149104,0.1155378486055777,0.1610337972166998,0.6312347650527954,159,gemma26,C1,0.7488568425178528,0.5455464720726013,0.07659818879371878,stop
APOG-0000006845-21-000010,0.05473204104903079,0.027428571428571427,0.04104903078677309,0.5168525576591492,35,gemma26,C1t,0.6772923469543457,0.4178665280342102,0.015698587127158554,stop
APOG-0000006845-21-000010,0.15916230366492146,0.03777544596012592,0.08795811518324607,0.5842774510383606,110,gemma26,C2,0.6652352809906006,0.5208865404129028,0.055657613774024776,stop
APOG-0000006845-21-000010,0.13933547695605575,0.03866809881847476,0.08145766345123258,0.5640328526496887,90,gemma26,C3,0.6711302399635315,0.4864123463630676,0.04729895637141425,stop
APOG-0000006845-21-000010,0.133764832793959,0.04108108108108108,0.07766990291262135,0.5790749192237854,86,gemma26,C4,0.6829314231872559,0.5026366710662842,0.04355257218101224,stop
APOG-0000006845-21-000010,0.29298245614035084,0.04569420035149385,0.1087719298245614,0.5975247621536255,257,gemma26,C5,0.6782600283622742,0.5339652299880981,0.11399065119148363,stop
IOSP-0001193125-21-046094,0.3080260303687635,0.10869565217391305,0.14316702819956617,0.6372416615486145,186,gemma26,C1,0.7270756363868713,0.5671654939651489,0.10556120341683534,stop
IOSP-0001193125-21-046094,0.28328008519701814,0.08324439701173961,0.11714589989350373,0.6002634763717651,206,gemma26,C1t,0.6531864404678345,0.5552736520767212,0.10787264312672501,stop
IOSP-0001193125-21-046094,0.2488306828811974,0.03561387066541706,0.1403180542563143,0.5803034901618958,295,gemma26,C2,0.7153928279876709,0.4881289303302765,0.0983192937063207,stop
IOSP-0001193125-21-046094,0.28689370485036125,0.04136504653567735,0.14654282765737872,0.5872297286987305,214,gemma26,C3,0.7495343685150146,0.4827045500278473,0.09095598856608074,stop
IOSP-0001193125-21-046094,0.25936599423631124,0.04042348411934552,0.14217098943323725,0.5873194932937622,272,gemma26,C4,0.7238451242446899,0.4941222369670868,0.10079496289396192,stop
IOSP-0001193125-21-046094,0.2980561555075594,0.06926406926406926,0.13174946004319654,0.6131855249404907,181,gemma26,C5,0.7543855905532837,0.5165092945098877,0.09270037283431082,stop
TRMK-0001564590-21-006673,0.25894378194207834,0.10409556313993173,0.14139693356047703,0.6733001470565796,173,gemma26,C1,0.7762707471847534,0.5944479703903198,0.10215048605285991,stop
TRMK-0001564590-21-006673,0.22664359861591693,0.10398613518197573,0.14186851211072662,0.6785849332809448,168,gemma26,C1t,0.7808348536491394,0.6000134944915771,0.09396082752156366,stop
TRMK-0001564590-21-006673,0.21046077210460773,0.028678304239401493,0.11207970112079702,0.5771327614784241,544,gemma26,C2,0.6446813344955444,0.5223969221115112,0.08402811067860633,stop
TRMK-0001564590-21-006673,0.07357212003872217,0.005819592628516003,0.04259438528557599,0.5348513126373291,48,gemma26,C3,0.7114925384521484,0.4284746050834656,0.018161062681610628,stop
TRMK-0001564590-21-006673,0.16202090592334495,0.010471204188481674,0.08188153310104529,0.5655838847160339,154,gemma26,C4,0.6907228827476501,0.4788331687450409,0.04360315994665025,stop
TRMK-0001564590-21-006673,0.17360496014171836,0.037267080745341616,0.08680248007085918,0.5820519924163818,137,gemma26,C5,0.7147189378738403,0.4909258484840393,0.048791363261300784,stop
CDXS-0001200375-21-000021,0.2862488306828812,0.1105904404873477,0.14967259120673526,0.6625576615333557,220,gemma26,C1,0.6919441223144531,0.6355655193328857,0.11801498409381432,stop
CDXS-0001200375-21-000021,0.037252619324796274,0.009334889148191366,0.02328288707799767,0.40981966257095337,20,gemma26,C1t,0.5980952978134155,0.3116992115974426,0.014932663932181128,stop
CDXS-0001200375-21-000021,0.2237487733071639,0.0727630285152409,0.12757605495583907,0.584240198135376,160,gemma26,C2,0.6503910422325134,0.5303034782409668,0.07372007805583754,stop
CDXS-0001200375-21-000021,0.17047817047817046,0.05208333333333333,0.11226611226611227,0.5698533654212952,110,gemma26,C3,0.6474177837371826,0.5088858604431152,0.04991372935666748,stop
CDXS-0001200375-21-000021,0.2782294489611563,0.10678733031674209,0.18247515808491419,0.6147557497024536,253,gemma26,C4,0.6594315767288208,0.5757492780685425,0.09853898196356389,stop
CDXS-0001200375-21-000021,0.22502424830261883,0.10106899902818268,0.14936954413191075,0.6199526190757751,184,gemma26,C5,0.6948016881942749,0.559661865234375,0.08896180870677871,stop
CFB-0001458412-21-000008,0.24143556280587275,0.06372549019607843,0.10766721044045677,0.5821250081062317,278,gemma26,C1,0.663964033126831,0.5182468295097351,0.10219559107825324,stop
CFB-0001458412-21-000008,0.026694045174537988,0.0,0.014373716632443531,0.41201332211494446,20,gemma26,C1t,0.5865805149078369,0.3175191879272461,0.011231147716333297,stop
CFB-0001458412-21-000008,0.135236664162284,0.010534236267870579,0.06912096168294515,0.5045868158340454,352,gemma26,C2,0.5841672420501709,0.44408899545669556,0.056551631940685985,stop
CFB-0001458412-21-000008,0.16852966466036112,0.013781223083548665,0.09114359415305243,0.5200945138931274,178,gemma26,C3,0.627883791923523,0.4438912868499756,0.05936121033830636,stop
CFB-0001458412-21-000008,0.12418906394810011,0.011142061281337047,0.07043558850787768,0.5118729472160339,115,gemma26,C4,0.647870659828186,0.4230652153491974,0.040224047745211114,stop
CFB-0001458412-21-000008,0.10826210826210826,0.019029495718363463,0.06457739791073124,0.5102753639221191,91,gemma26,C5,0.6474007368087769,0.4210856258869171,0.03079864061172472,stop
LPLA-0001397911-14-000038,0.268370607028754,0.1152,0.1597444089456869,0.6830046772956848,249,gemma26,C1,0.7325986623764038,0.6396995782852173,0.0959397368138416,stop
LPLA-0001397911-14-000038,0.02561576354679803,0.00987166831194472,0.023645320197044333,0.3948851227760315,20,gemma26,C1t,0.5651021599769592,0.3034742474555969,0.010923990643329358,stop
LPLA-0001397911-14-000038,0.35748138117806366,0.08271186440677966,0.1882193635748138,0.6435446739196777,422,gemma26,C2,0.7367575168609619,0.5712690353393555,0.13021081942785,stop
LPLA-0001397911-14-000038,0.21715184893784423,0.036249014972419225,0.11014948859166011,0.5944666266441345,190,gemma26,C3,0.7151050567626953,0.5086561441421509,0.06449631449631449,stop
LPLA-0001397911-14-000038,0.16366612111292964,0.02950819672131148,0.08346972176759411,0.5823240876197815,175,gemma26,C4,0.6984879970550537,0.49928855895996094,0.048732943469785565,stop
LPLA-0001397911-14-000038,0.19683069224353628,0.06015037593984962,0.1134278565471226,0.6198646426200867,197,gemma26,C5,0.7081481218338013,0.5511533617973328,0.06935169012637421,stop
VNT-0001786842-21-000013,0.2754158964879852,0.06111111111111111,0.11275415896487984,0.6005805730819702,208,gemma26,C1,0.6963446736335754,0.5279718041419983,0.08580921948756724,stop
VNT-0001786842-21-000013,0.271251193887297,0.07464114832535884,0.11270296084049665,0.5884815454483032,192,gemma26,C1t,0.6722747087478638,0.523261547088623,0.09929787485115375,stop
VNT-0001786842-21-000013,0.3708609271523179,0.08623548922056386,0.13741721854304637,0.6257774233818054,325,gemma26,C2,0.7008198499679565,0.5652514100074768,0.1295793707153932,stop
VNT-0001786842-21-000013,0.3092962641181581,0.04351610095735422,0.13379669852302345,0.5888775587081909,273,gemma26,C3,0.6703011989593506,0.5250928401947021,0.10546787040364115,stop
VNT-0001786842-21-000013,0.3226381461675579,0.06607142857142856,0.13012477718360071,0.6085453629493713,249,gemma26,C4,0.6929463148117065,0.5424721837043762,0.10859614595184383,stop
VNT-0001786842-21-000013,0.25843780135004824,0.07729468599033816,0.10800385728061716,0.6029688119888306,180,gemma26,C5,0.7157432436943054,0.5208951234817505,0.09051718932406036,stop
BMTC-0000802681-21-000111,0.2917505030181086,0.09879032258064516,0.158953722334004,0.6369757652282715,296,gemma26,C1,0.7391496896743774,0.5596187114715576,0.15563883025391362,stop
BMTC-0000802681-21-000111,0.036414565826330535,0.0,0.025210084033613446,0.40294766426086426,20,gemma26,C1t,0.5580397844314575,0.31531447172164917,0.014838996883810653,stop
BMTC-0000802681-21-000111,0.12159329140461214,0.004201680672268907,0.06918238993710692,0.514694333076477,229,gemma26,C2,0.5869275331497192,0.45829230546951294,0.050014289797084874,stop
BMTC-0000802681-21-000111,0.07301173402868319,0.0,0.041720990873533245,0.4953347146511078,65,gemma26,C3,0.6131555438041687,0.4154953062534332,0.022120631175342867,stop
BMTC-0000802681-21-000111,0.08344198174706649,0.00784313725490196,0.05215123859191655,0.5096160173416138,67,gemma26,C4,0.6117973327636719,0.43668216466903687,0.026540843409023882,stop
BMTC-0000802681-21-000111,0.07692307692307693,0.0,0.04871794871794872,0.505882740020752,78,gemma26,C5,0.6164899468421936,0.4289269745349884,0.025746652935118432,stop
EFL-0001354488-11-004788,0.2759276879162702,0.06863679694947569,0.13320647002854424,0.6294718980789185,219,gemma26,C1,0.738559901714325,0.5484620332717896,0.10957235771327066,stop
EFL-0001354488-11-004788,0.03305785123966942,0.009467455621301775,0.023612750885478158,0.4765944182872772,18,gemma26,C1t,0.6828853487968445,0.36602339148521423,0.011082379017362396,stop
EFL-0001354488-11-004788,0.1821656050955414,0.017857142857142856,0.0929936305732484,0.5428990721702576,716,gemma26,C2,0.5804685354232788,0.5098972320556641,0.0936810976829918,stop
EFL-0001354488-11-004788,0.15573770491803277,0.0020533880903490756,0.09221311475409835,0.518241822719574,134,gemma26,C3,0.6303966641426086,0.43996673822402954,0.047295658501091443,stop
EFL-0001354488-11-004788,0.05324074074074074,0.009280742459396753,0.032407407407407406,0.4328819215297699,33,gemma26,C4,0.5842617154121399,0.3438037931919098,0.02125305282079399,stop
EFL-0001354488-11-004788,0.13548387096774192,0.017241379310344827,0.08172043010752689,0.5236039161682129,95,gemma26,C5,0.6377201080322266,0.4441295266151428,0.043244818756653425,stop
SGOC-0001144204-10-003132,0.3356521739130435,0.15679442508710803,0.16695652173913045,0.6605185270309448,249,gemma26,C1,0.7350383996963501,0.5997177958488464,0.14522426413858966,stop
SGOC-0001144204-10-003132,0.17058823529411762,0.06483300589390963,0.10196078431372549,0.6098180413246155,131,gemma26,C1t,0.7034464478492737,0.5381857752799988,0.07243437179129547,stop
SGOC-0001144204-10-003132,0.1686746987951807,0.06237424547283702,0.08634538152610442,0.5939456820487976,106,gemma26,C2,0.6966697573661804,0.5176221132278442,0.057064147973238874,stop
SGOC-0001144204-10-003132,0.121524201853759,0.033023735810113516,0.06385169927909372,0.5571466088294983,81,gemma26,C3,0.6408069133758545,0.4928082227706909,0.0433058831990794,stop
SGOC-0001144204-10-003132,0.16,0.04609218436873747,0.088,0.5741189122200012,109,gemma26,C4,0.6466990113258362,0.5161864757537842,0.05778645059033134,stop
SGOC-0001144204-10-003132,0.1691542288557214,0.05982053838484547,0.08358208955223881,0.5808020234107971,111,gemma26,C5,0.6739223003387451,0.5102916359901428,0.06270576131687242,stop
PFPT-0001564590-21-006943,0.09177820267686425,0.04980842911877395,0.06883365200764818,0.5466108322143555,56,gemma26,C1,0.6613291501998901,0.4658087491989136,0.02851643088712054,stop
PFPT-0001564590-21-006943,0.04317958783120707,0.017699115044247787,0.035328753680078505,0.4456269145011902,35,gemma26,C1t,0.6011605262756348,0.35403117537498474,0.020427721722274254,stop
PFPT-0001564590-21-006943,0.3053645116918845,0.09366391184573003,0.11966987620357634,0.6194716095924377,394,gemma26,C2,0.6592973470687866,0.5841831564903259,0.10984999868590416,stop
PFPT-0001564590-21-006943,0.23406113537117904,0.09448818897637794,0.13449781659388646,0.6469992995262146,147,gemma26,C3,0.7880530953407288,0.5487741231918335,0.06572813559603756,stop
PFPT-0001564590-21-006943,0.22412318220701452,0.06855184233076264,0.12318220701454234,0.6415728330612183,165,gemma26,C4,0.7694411277770996,0.550147533416748,0.06549539831972767,stop
PFPT-0001564590-21-006943,0.3006369426751592,0.08545918367346939,0.1273885350318471,0.6585822701454163,472,gemma26,C5,0.7293701171875,0.6003192663192749,0.1132776484683385,stop
MTB-0001564590-18-002855,0.12050078247261345,0.012539184952978056,0.07511737089201878,0.5150877237319946,206,gemma26,C1,0.6251018047332764,0.4380020201206207,0.04843195550014386,stop
MTB-0001564590-18-002855,0.2680683311432326,0.05,0.1287779237844941,0.5992184281349182,456,gemma26,C1t,0.6752413511276245,0.5385814905166626,0.10513292009425958,stop
MTB-0001564590-18-002855,0.1651676206050695,0.021294021294021293,0.08176614881439084,0.5385787487030029,172,gemma26,C2,0.6513859033584595,0.4590758681297302,0.05987101725630207,stop
MTB-0001564590-18-002855,0.143859649122807,0.019332161687170474,0.07017543859649122,0.5352655649185181,105,gemma26,C3,0.676323652267456,0.44289320707321167,0.04021697033718741,stop
MTB-0001564590-18-002855,0.05794392523364486,0.005617977528089887,0.03738317757009346,0.4728139042854309,42,gemma26,C4,0.641455888748169,0.3743860125541687,0.01971146028990166,stop
MTB-0001564590-18-002855,0.05602240896358543,0.003741814780168382,0.03361344537815126,0.47344356775283813,43,gemma26,C5,0.6307923793792725,0.378922700881958,0.01921469254053764,stop
CECE-0001564590-21-010416,0.36363636363636365,0.1157556270096463,0.14331550802139037,0.649185299873352,241,gemma26,C1,0.7019529342651367,0.6037963628768921,0.14216186958472557,stop
CECE-0001564590-21-010416,0.3628601921024546,0.11336898395721927,0.1408751334044824,0.6478338837623596,244,gemma26,C1t,0.6994748115539551,0.603293776512146,0.14075808162235987,stop
CECE-0001564590-21-010416,0.4229665071770335,0.1361457334611697,0.1665071770334928,0.6638243198394775,344,gemma26,C2,0.7071129083633423,0.6255301237106323,0.18138676783684707,stop
CECE-0001564590-21-010416,0.4106230847803881,0.15148413510747186,0.1634320735444331,0.6838053464889526,290,gemma26,C3,0.7403354048728943,0.6352958679199219,0.17081249004901913,stop
CECE-0001564590-21-010416,0.3463203463203463,0.11930585683297179,0.14502164502164502,0.6664502024650574,234,gemma26,C4,0.7216719388961792,0.6190788149833679,0.13297808789793333,stop
CECE-0001564590-21-010416,0.40552016985138,0.16170212765957448,0.1634819532908705,0.6861071586608887,252,gemma26,C5,0.7514605522155762,0.6312115788459778,0.15313820002910603,stop
MCF-0001558370-21-002664,0.3339130434782609,0.1480836236933798,0.1373913043478261,0.6706283092498779,241,gemma26,C1,0.7559579610824585,0.6026082038879395,0.13153179327902725,stop
MCF-0001558370-21-002664,0.5636132315521629,0.2751592356687898,0.23918575063613232,0.723362922668457,633,gemma26,C1t,0.7605277299880981,0.6896611452102661,0.2890007887366369,stop
MCF-0001558370-21-002664,0.3158742949234488,0.05649717514124293,0.1305398871877518,0.5977364182472229,304,gemma26,C2,0.6675379276275635,0.5411506295204163,0.11159779114921087,stop
MCF-0001558370-21-002664,0.29491525423728815,0.06451612903225808,0.12542372881355932,0.5911898612976074,254,gemma26,C3,0.6719085574150085,0.5277851819992065,0.09675973028962193,stop
MCF-0001558370-21-002664,0.2852112676056338,0.11463844797178131,0.17253521126760563,0.6544591784477234,220,gemma26,C4,0.8308807611465454,0.5398354530334473,0.12268187859638202,stop
MCF-0001558370-21-002664,0.3100252737994945,0.09451476793248945,0.14490311710193765,0.6386383175849915,259,gemma26,C5,0.7046557664871216,0.5839312672615051,0.10663965896575037,stop
UMPQ-0001077771-21-000011,0.256,0.11217948717948718,0.12639999999999998,0.6447730660438538,232,gemma26,C1,0.7540378570556641,0.5631666779518127,0.0976608978141735,stop
UMPQ-0001077771-21-000011,0.27935533384497313,0.08916218293620293,0.125863392171911,0.6369885206222534,273,gemma26,C1t,0.7486963272094727,0.5542871952056885,0.12021403468808323,stop
UMPQ-0001077771-21-000011,0.2888198757763975,0.09331259720062207,0.12422360248447205,0.6572462320327759,262,gemma26,C2,0.7390950322151184,0.5917181968688965,0.10008147118718275,stop
UMPQ-0001077771-21-000011,0.27724358974358976,0.09149277688603531,0.12019230769230768,0.6561476588249207,225,gemma26,C3,0.7487207651138306,0.5839474201202393,0.09305266150015061,stop
UMPQ-0001077771-21-000011,0.24876441515650743,0.09240924092409242,0.1186161449752883,0.6541780829429626,193,gemma26,C4,0.756005048751831,0.5765253305435181,0.08428434839121861,stop
UMPQ-0001077771-21-000011,0.20836891545687447,0.09067579127459367,0.1161400512382579,0.6509786248207092,156,gemma26,C5,0.7604655623435974,0.5690503716468811,0.07206983381430988,stop
AMPE-0001558370-21-002314,0.4421875,0.24882629107981222,0.228125,0.7273665070533752,330,gemma26,C1,0.81281578540802,0.6581743955612183,0.18406127543928952,stop
AMPE-0001558370-21-002314,0.351575456053068,0.19435215946843853,0.18076285240464346,0.7066712379455566,260,gemma26,C1t,0.8094407320022583,0.6270577907562256,0.14366085194319064,stop
AMPE-0001558370-21-002314,0.4363081617086194,0.23682200152788388,0.23493516399694886,0.6980475783348083,340,gemma26,C2,0.7662512063980103,0.6409931182861328,0.17486787494240713,stop
AMPE-0001558370-21-002314,0.3722044728434505,0.1568,0.19169329073482425,0.6649693250656128,266,gemma26,C3,0.7519278526306152,0.5960389375686646,0.1288024528870501,stop
AMPE-0001558370-21-002314,0.4084967320261438,0.2504091653027823,0.15359477124183005,0.714620053768158,259,gemma26,C4,0.8053776025772095,0.6422457695007324,0.15483211524202944,stop
AMPE-0001558370-21-002314,0.45962732919254656,0.25660964230171074,0.2080745341614907,0.7166944742202759,313,gemma26,C5,0.798312246799469,0.6502176523208618,0.1820967596160474,stop
TWO-0001465740-21-000035,0.31645569620253167,0.18383518225039622,0.1787974683544304,0.6899254322052002,232,gemma26,C1,0.7873330116271973,0.6139664649963379,0.12410339353510347,stop
TWO-0001465740-21-000035,0.28198859005704974,0.18122448979591838,0.20537897310513448,0.6845999956130981,201,gemma26,C1t,0.7843130230903625,0.6073810458183289,0.11182750539745469,stop
TWO-0001465740-21-000035,0.17721518987341772,0.04057480980557904,0.08270042194092828,0.5832631587982178,157,gemma26,C2,0.6627070903778076,0.5208273530006409,0.05801641782081573,stop
TWO-0001465740-21-000035,0.1803411860276198,0.022782750203417412,0.08448415922014622,0.5673924088478088,185,gemma26,C3,0.6749721765518188,0.4893912971019745,0.051729234407330765,stop
TWO-0001465740-21-000035,0.18527708850289495,0.039768019884009936,0.08436724565756824,0.5898133516311646,178,gemma26,C4,0.6691333055496216,0.5273058414459229,0.06339697242973286,stop
TWO-0001465740-21-000035,0.24788298691300997,0.05088666152659984,0.10777521170130872,0.6042170524597168,250,gemma26,C5,0.6672556400299072,0.5520613193511963,0.08604121223567218,stop
KTOS-0001069258-21-000009,0.31992149165848865,0.12979351032448377,0.11972522080471049,0.6534349918365479,229,gemma26,C1,0.7604686617851257,0.5728132724761963,0.12767464210003926,stop
KTOS-0001069258-21-000009,0.4055944055944056,0.14360770577933452,0.15034965034965034,0.6704582571983337,354,gemma26,C1t,0.7611101865768433,0.599102258682251,0.18118752899301876,stop
KTOS-0001069258-21-000009,0.40816326530612246,0.14577777777777776,0.14551907719609583,0.670663595199585,337,gemma26,C2,0.7646771669387817,0.597236156463623,0.17286169799772502,stop
KTOS-0001069258-21-000009,0.24126984126984125,0.10816542948038177,0.11216931216931217,0.6376438140869141,153,gemma26,C3,0.7460508346557617,0.5567445158958435,0.10618061619059499,stop
KTOS-0001069258-21-000009,0.27180527383367137,0.11585365853658536,0.12778904665314403,0.6316373944282532,194,gemma26,C4,0.7305632829666138,0.5563075542449951,0.12457906100187664,stop
KTOS-0001069258-21-000009,0.34197886647454373,0.13859480269489896,0.1440922190201729,0.6575493216514587,249,gemma26,C5,0.764717161655426,0.5767265558242798,0.14795383447936078,stop
BB-0001070235-21-000029,0.2737430167597765,0.08955223880597016,0.1303538175046555,0.6291347146034241,233,gemma26,C1,0.6597779989242554,0.6012114882469177,0.10052208673463611,stop
BB-0001070235-21-000029,0.037296037296037296,0.002336448598130841,0.02331002331002331,0.4099530577659607,25,gemma26,C1t,0.5570842623710632,0.32430189847946167,0.013247826086956524,stop
BB-0001070235-21-000029,0.3523316062176166,0.10553633217993079,0.16753022452504318,0.634212076663971,319,gemma26,C2,0.7293903827667236,0.5610063076019287,0.12515929680126692,stop
BB-0001070235-21-000029,0.34935304990757854,0.10185185185185186,0.18114602587800369,0.6382413506507874,246,gemma26,C3,0.7559772729873657,0.5522360801696777,0.123330717494344,stop
BB-0001070235-21-000029,0.3806104129263914,0.12589928057553956,0.16157989228007183,0.666294276714325,275,gemma26,C4,0.7515389323234558,0.5984176397323608,0.13947660760280667,stop
BB-0001070235-21-000029,0.33393501805054154,0.09584086799276673,0.17148014440433212,0.6272263526916504,270,gemma26,C5,0.7286421656608582,0.5505924224853516,0.11127771514468246,stop
ZGNX-0001375151-21-000012,0.13114754098360656,0.007299270072992701,0.07832422586520948,0.5359168648719788,118,gemma26,C1,0.6708506941795349,0.44617414474487305,0.032132321955330806,stop
ZGNX-0001375151-21-000012,0.2235915492957746,0.06349206349206349,0.1056338028169014,0.6160503625869751,181,gemma26,C1t,0.7055013179779053,0.5467302203178406,0.07869000399045908,stop
ZGNX-0001375151-21-000012,0.1565362198168193,0.015012510425354461,0.08992506244796003,0.5567454695701599,211,gemma26,C2,0.6597567796707153,0.48155736923217773,0.06184333727379385,stop
ZGNX-0001375151-21-000012,0.1883067577828398,0.016730038022813688,0.09111617312072894,0.5650035738945007,280,gemma26,C3,0.6664128303527832,0.4903813302516937,0.07682443001096698,stop
ZGNX-0001375151-21-000012,0.20066006600660066,0.025115664243225384,0.09504950495049504,0.575760006904602,471,gemma26,C4,0.6648869514465332,0.5077032446861267,0.10343186661328505,stop
ZGNX-0001375151-21-000012,0.14953271028037382,0.023829787234042554,0.07986406117247238,0.5501638054847717,192,gemma26,C5,0.6622698903083801,0.47051680088043213,0.05575484535691397,stop
KIDS-0001425450-21-000047,0.49367088607594933,0.24225352112676057,0.2348804500703235,0.7136720418930054,386,gemma26,C1,0.7885152101516724,0.6518049240112305,0.20080026997085287,stop
KIDS-0001425450-21-000047,0.20934256055363323,0.09705372616984402,0.1262975778546713,0.6369798183441162,141,gemma26,C1t,0.7283012866973877,0.5660082101821899,0.07634860095341245,stop
KIDS-0001425450-21-000047,0.35972328977709456,0.14780600461893764,0.17678708685626443,0.6905745267868042,278,gemma26,C2,0.7556512355804443,0.63581782579422,0.13067811834904133,stop
KIDS-0001425450-21-000047,0.1584158415841584,0.07574391343552751,0.1152115211521152,0.6388391852378845,96,gemma26,C3,0.7520612478256226,0.5552473068237305,0.055371162104650866,stop
KIDS-0001425450-21-000047,0.3099041533546326,0.1632,0.16613418530351437,0.7062612175941467,244,gemma26,C4,0.8016326427459717,0.6311699748039246,0.11511623493765659,stop
KIDS-0001425450-21-000047,0.19791666666666666,0.08,0.12152777777777779,0.6538776755332947,143,gemma26,C5,0.7347928285598755,0.589015543460846,0.06929831667394425,stop
CFFN-0001490906-20-000078,0.22535211267605637,0.0438871473354232,0.11424100156494522,0.5989131927490234,246,gemma26,C1,0.6580307483673096,0.549542248249054,0.08771766302298996,stop
CFFN-0001490906-20-000078,0.25156249999999997,0.056338028169014086,0.1109375,0.6049688458442688,247,gemma26,C1t,0.6608774065971375,0.5577818155288696,0.08884334449276791,stop
CFFN-0001490906-20-000078,0.14420600858369098,0.03267411865864144,0.07725321888412018,0.5825057625770569,133,gemma26,C2,0.6502071022987366,0.5275733470916748,0.048543426563908275,stop
CFFN-0001490906-20-000078,0.12982456140350876,0.022847100175746923,0.07017543859649124,0.5630785226821899,109,gemma26,C3,0.6541924476623535,0.4942420423030853,0.04662049223148206,stop
CFFN-0001490906-20-000078,0.14348206474190725,0.033304119193689745,0.08223972003499563,0.563327968120575,110,gemma26,C4,0.6764718890190125,0.48260876536369324,0.04670547321494089,stop
CFFN-0001490906-20-000078,0.19663865546218487,0.050505050505050504,0.10420168067226891,0.5682140588760376,156,gemma26,C5,0.6659038066864014,0.4955199956893921,0.06630669435250545,stop
HALL-0001558370-21-003015,0.35958395245170877,0.1369047619047619,0.15453194650817237,0.668711245059967,307,gemma26,C1,0.7618306875228882,0.5958765745162964,0.13494167353589573,stop
HALL-0001558370-21-003015,0.030977734753146174,0.007759456838021338,0.023233301064859633,0.4077562987804413,20,gemma26,C1t,0.5977600812911987,0.309408038854599,0.012282998656065422,stop
HALL-0001558370-21-003015,0.3129770992366412,0.11162079510703364,0.1419847328244275,0.6323223114013672,260,gemma26,C2,0.7444531917572021,0.5495483875274658,0.10537721057760027,stop
HALL-0001558370-21-003015,0.29839326702371843,0.10268199233716474,0.1315990818668707,0.6233539581298828,260,gemma26,C3,0.7324031591415405,0.5425695180892944,0.11398550602409636,stop
HALL-0001558370-21-003015,0.2135593220338983,0.09168081494057725,0.09661016949152541,0.6092910170555115,147,gemma26,C4,0.7574253082275391,0.509621262550354,0.06998838477235098,stop
HALL-0001558370-21-003015,0.33204034134988364,0.1320901320901321,0.14895267649340574,0.6751963496208191,249,gemma26,C5,0.7859584093093872,0.5917967557907104,0.1257721151352327,stop
AHCO-0001558370-21-003089,0.32732516222062,0.12707581227436823,0.18312905551550107,0.657400369644165,352,gemma26,C1,0.6654812693595886,0.6495133638381958,0.1339887349581236,stop
AHCO-0001558370-21-003089,0.20083682008368203,0.07544006705783739,0.11380753138075314,0.6192006468772888,169,gemma26,C1t,0.6634472608566284,0.5804867148399353,0.0765375783828565,stop
AHCO-0001558370-21-003089,0.378886478669559,0.166545981173063,0.1851048445408532,0.6727210879325867,315,gemma26,C2,0.7568628787994385,0.6054158806800842,0.13682151241748872,stop
AHCO-0001558370-21-003089,0.1198910081743869,0.052775250227479524,0.07084468664850135,0.5838160514831543,73,gemma26,C3,0.7186412215232849,0.4915885329246521,0.032727586792881035,stop
AHCO-0001558370-21-003089,0.18668971477960242,0.07965367965367964,0.11235955056179775,0.6240594387054443,126,gemma26,C4,0.7436336278915405,0.537612795829773,0.054248248796712334,stop
AHCO-0001558370-21-003089,0.2502071251035625,0.12780082987551866,0.1607290803645402,0.6571901440620422,174,gemma26,C5,0.8111269474029541,0.5523620843887329,0.10356482646140164,stop
XEC-0001168054-21-000008,0.35115864527629237,0.11964285714285713,0.15864527629233513,0.645089864730835,281,gemma26,C1,0.7088530659675598,0.5918512940406799,0.1515952487596141,stop
XEC-0001168054-21-000008,0.3695067264573991,0.13836477987421386,0.15964125560538114,0.6498631238937378,276,gemma26,C1t,0.7133556604385376,0.5967491865158081,0.14772601961227286,stop
XEC-0001168054-21-000008,0.33524121013900243,0.07371007371007371,0.12919051512673754,0.6375188231468201,372,gemma26,C2,0.692138135433197,0.5908893942832947,0.13086733868396697,stop
XEC-0001168054-21-000008,0.265625,0.06262230919765166,0.11328125,0.6230610013008118,199,gemma26,C3,0.6954919099807739,0.5642935633659363,0.09318806351710447,stop
XEC-0001168054-21-000008,0.25368731563421826,0.06305418719211822,0.112094395280236,0.6221955418586731,192,gemma26,C4,0.6912474632263184,0.5656864643096924,0.09205001883526354,stop
XEC-0001168054-21-000008,0.2895238095238095,0.07061068702290076,0.1219047619047619,0.6242057085037231,224,gemma26,C5,0.6763706207275391,0.5795111060142517,0.09958095244261414,stop
VERI-0001564590-21-011303,0.34782608695652173,0.1306532663316583,0.1722408026755853,0.6509947180747986,269,gemma26,C1,0.7459588050842285,0.5774788856506348,0.11841412373099258,stop
VERI-0001564590-21-011303,0.036717062634989195,0.015151515151515152,0.028077753779697626,0.4280557930469513,20,gemma26,C1t,0.6101770401000977,0.32966095209121704,0.01633982322680993,stop
VERI-0001564590-21-011303,0.2610198789974071,0.09523809523809525,0.1365600691443388,0.5900636911392212,231,gemma26,C2,0.6635916233062744,0.5312045812606812,0.09295036275004497,stop
VERI-0001564590-21-011303,0.23212627669452182,0.09302325581395349,0.13184772516248838,0.6287849545478821,158,gemma26,C3,0.774046778678894,0.5294293761253357,0.07431080996298388,stop
VERI-0001564590-21-011303,0.2605177993527508,0.08589951377633712,0.13430420711974111,0.6269649863243103,313,gemma26,C4,0.7326531410217285,0.5479246377944946,0.11910193581616216,stop
VERI-0001564590-21-011303,0.26102610261026105,0.08656447249774572,0.1332133213321332,0.634242832660675,187,gemma26,C5,0.7520977258682251,0.5483201742172241,0.08312178204863344,stop
CORR-0001347652-21-000014,0.4017403915881073,0.15541031227305738,0.22189992748368384,0.6879850029945374,389,gemma26,C1,0.7934287190437317,0.6072797775268555,0.17919335709357495,stop
CORR-0001347652-21-000014,0.029692470837751856,0.010626992561105206,0.02545068928950159,0.39908674359321594,20,gemma26,C1t,0.5631098747253418,0.3090627193450928,0.01261468247374379,stop
CORR-0001347652-21-000014,0.3284671532846716,0.1111111111111111,0.17226277372262774,0.64281165599823,366,gemma26,C2,0.6870477795600891,0.6039273142814636,0.15093194372994923,stop
CORR-0001347652-21-000014,0.2670250896057348,0.07719928186714542,0.1684587813620072,0.6452862024307251,174,gemma26,C3,0.7621027231216431,0.5595217347145081,0.08538069302954848,stop
CORR-0001347652-21-000014,0.4442916093535076,0.2134986225895317,0.24621733149931224,0.7035329937934875,474,gemma26,C4,0.801112949848175,0.6271434426307678,0.21396971467442358,stop
CORR-0001347652-21-000014,0.3062352012628256,0.06324110671936758,0.17837411207576953,0.6247451901435852,285,gemma26,C5,0.7069131135940552,0.5596897006034851,0.09067375450974999,stop
SYK-0000310764-21-000027,0.2849785407725322,0.10146173688736028,0.15622317596566523,0.6315574049949646,218,gemma26,C1,0.7318554520606995,0.5554369688034058,0.10346593955531493,stop
SYK-0000310764-21-000027,0.31578947368421056,0.08072487644151564,0.12828947368421054,0.6345122456550598,265,gemma26,C1t,0.69273442029953,0.5853181481361389,0.12179602325993034,stop
SYK-0000310764-21-000027,0.28075253256150506,0.08840579710144929,0.16642547033285093,0.5817937850952148,406,gemma26,C2,0.675927996635437,0.510673999786377,0.10412409157755426,stop
SYK-0000310764-21-000027,0.3451776649746193,0.11038489469862017,0.18854242204496013,0.6328772306442261,416,gemma26,C3,0.7684971690177917,0.5379440784454346,0.14409942439728957,stop
SYK-0000310764-21-000027,0.2720139494333043,0.08209606986899563,0.1569311246730602,0.6085730791091919,197,gemma26,C4,0.7359986901283264,0.5187588334083557,0.08960217761097312,stop
SYK-0000310764-21-000027,0.2818471337579618,0.08931419457735247,0.17038216560509556,0.6075751185417175,307,gemma26,C5,0.7333508729934692,0.5186264514923096,0.10480418263500413,stop
AAWW-0001564590-20-006046,0.30197268588770865,0.0911854103343465,0.15022761760242792,0.6407496333122253,262,gemma26,C1,0.7406270503997803,0.564609169960022,0.08872352007813454,stop
AAWW-0001564590-20-006046,0.11806167400881058,0.01941747572815534,0.058149779735682826,0.5531772971153259,111,gemma26,C1t,0.6184909343719482,0.5003405809402466,0.0424841693929906,stop
AAWW-0001564590-20-006046,0.2507788161993769,0.07020280811232449,0.11838006230529595,0.5895265936851501,228,gemma26,C2,0.6624870300292969,0.5310423374176025,0.06917868707683249,stop
AAWW-0001564590-20-006046,0.2713414634146341,0.09618320610687023,0.1448170731707317,0.6160221099853516,258,gemma26,C3,0.7270534038543701,0.5344101190567017,0.0739717920899497,stop
AAWW-0001564590-20-006046,0.2463054187192118,0.07730263157894736,0.12151067323481117,0.6346920728683472,175,gemma26,C4,0.759838879108429,0.5449395179748535,0.0666420401453958,stop
AAWW-0001564590-20-006046,0.27239082161361955,0.072646404744255,0.11547002220577351,0.6229567527770996,290,gemma26,C5,0.7144047021865845,0.5522637963294983,0.08248961643722454,stop
ZDGE-0001213900-20-033714,0.29581993569131837,0.09667024704618689,0.15005359056806003,0.6015496850013733,169,gemma26,C1,0.6893438100814819,0.5335919857025146,0.10593446726323943,stop
ZDGE-0001213900-20-033714,0.04113110539845758,0.012886597938144331,0.03341902313624679,0.4006088674068451,20,gemma26,C1t,0.5689095854759216,0.3091522455215454,0.017080438576273418,stop
ZDGE-0001213900-20-033714,0.328141225337487,0.11862643080124871,0.15784008307372793,0.6363134384155273,198,gemma26,C2,0.7051792740821838,0.5797014236450195,0.13117107852634882,stop
ZDGE-0001213900-20-033714,0.24568965517241378,0.06479481641468682,0.10344827586206898,0.5805803537368774,160,gemma26,C3,0.6849249601364136,0.503825306892395,0.08064575632143199,stop
ZDGE-0001213900-20-033714,0.2622601279317697,0.08333333333333334,0.14712153518123666,0.5862480401992798,177,gemma26,C4,0.6503461003303528,0.5336513519287109,0.10248666257768108,stop
ZDGE-0001213900-20-033714,0.3075291622481442,0.10201912858660998,0.14209968186638386,0.6336301565170288,179,gemma26,C5,0.7196138501167297,0.5660010576248169,0.11194852788763691,stop
FISI-0001564590-21-013158,0.3180542563143124,0.07497656982193064,0.14218896164639852,0.6199452877044678,292,gemma26,C1,0.6669214367866516,0.5791515111923218,0.13076575137547464,stop
FISI-0001564590-21-013158,0.26881720430107525,0.09267241379310345,0.13978494623655915,0.6525963544845581,163,gemma26,C1t,0.7581195831298828,0.5728596448898315,0.09602661227311518,stop
FISI-0001564590-21-013158,0.2672147995889003,0.05149330587023687,0.1130524152106886,0.6206883788108826,201,gemma26,C2,0.7201570272445679,0.5453624725341797,0.08932916784116424,stop
FISI-0001564590-21-013158,0.15260115606936417,0.03244495944380069,0.08323699421965318,0.5841419696807861,101,gemma26,C3,0.7041858434677124,0.49906545877456665,0.04596795376937221,stop
FISI-0001564590-21-013158,0.18552036199095023,0.04535147392290249,0.09276018099547512,0.5823432207107544,111,gemma26,C4,0.6918269395828247,0.5027772188186646,0.05957173426531793,stop
FISI-0001564590-21-013158,0.20242024202420245,0.0330760749724366,0.0858085808580858,0.6013888120651245,142,gemma26,C5,0.6999812126159668,0.5271409749984741,0.0633324627840167,stop
CVM-0001654954-17-011928,0.26126814362108475,0.09028309104820198,0.12375859434682962,0.6219322085380554,236,gemma26,C1,0.6691560745239258,0.5809342861175537,0.09630080723898005,stop
CVM-0001654954-17-011928,0.3620933521923621,0.16288951841359772,0.1867043847241867,0.7157328724861145,343,gemma26,C1t,0.7547322511672974,0.6805659532546997,0.14885655916260535,stop
CVM-0001654954-17-011928,0.22327044025157236,0.07244094488188976,0.11163522012578618,0.5957694053649902,200,gemma26,C2,0.6456289291381836,0.5530587434768677,0.08091817162943661,stop
CVM-0001654954-17-011928,0.1982272360999194,0.07102502017756256,0.09830781627719581,0.599212110042572,175,gemma26,C3,0.6554913520812988,0.5518327951431274,0.07076313733317055,stop
CVM-0001654954-17-011928,0.23186119873817035,0.07740916271721959,0.11198738170347004,0.5947825312614441,205,gemma26,C4,0.6680817604064941,0.535977303981781,0.08390975284739448,stop
CVM-0001654954-17-011928,0.28824833702882485,0.08290155440414508,0.12416851441241686,0.62630295753479,288,gemma26,C5,0.6746511459350586,0.5844210386276245,0.11478425288980329,stop
OSBC-0000357173-21-000014,0.2315270935960591,0.11019736842105264,0.13300492610837436,0.689857006072998,192,gemma26,C1,0.7377138137817383,0.6478311419487,0.08401913585993898,stop
OSBC-0000357173-21-000014,0.14677276746242263,0.0779450841452613,0.09902740937223696,0.6546795964241028,110,gemma26,C1t,0.7237647771835327,0.597633957862854,0.054082689540091364,stop
OSBC-0000357173-21-000014,0.2838933951332561,0.06496519721577727,0.11703360370799534,0.6221070289611816,678,gemma26,C2,0.6016148328781128,0.6440445184707642,0.1324696761125235,stop
OSBC-0000357173-21-000014,0.17594834543987084,0.01778496362166532,0.10008071025020178,0.5798884630203247,198,gemma26,C3,0.6305497288703918,0.5367625951766968,0.05290748471022231,stop
OSBC-0000357173-21-000014,0.19071310116086235,0.0681063122923588,0.10945273631840796,0.6498777866363525,176,gemma26,C4,0.6876389980316162,0.6160479784011841,0.06391364492476508,stop
OSBC-0000357173-21-000014,0.18,0.07345575959933223,0.10166666666666667,0.6517829298973083,175,gemma26,C5,0.6889381408691406,0.6184303760528564,0.06611677765751547,stop
PLUG-0001558370-20-002267,0.34635879218472465,0.10854092526690393,0.14387211367673178,0.6293987035751343,282,gemma26,C1,0.7198442220687866,0.5591444969177246,0.14854666034249278,stop
PLUG-0001558370-20-002267,0.38539898132427847,0.13095238095238093,0.15449915110356535,0.6416279077529907,330,gemma26,C1t,0.7271100878715515,0.574130654335022,0.17244894257674037,stop
PLUG-0001558370-20-002267,0.3503521126760563,0.09876543209876544,0.13908450704225353,0.6467416882514954,313,gemma26,C2,0.7343957424163818,0.5777804851531982,0.14983329194904288,stop
PLUG-0001558370-20-002267,0.35283687943262415,0.10657193605683837,0.1400709219858156,0.6495764255523682,305,gemma26,C3,0.7362496256828308,0.5811606645584106,0.156313470475768,stop
PLUG-0001558370-20-002267,0.34234234234234234,0.10288808664259928,0.13873873873873874,0.6447575688362122,287,gemma26,C4,0.7366418838500977,0.5732533931732178,0.15025709683882668,stop
PLUG-0001558370-20-002267,0.34532374100719426,0.10630630630630629,0.14208633093525183,0.6468753218650818,289,gemma26,C5,0.7370227575302124,0.5763769149780273,0.15213907497649223,stop
TCFC-0001628280-21-003922,0.27011494252873564,0.06330935251798561,0.11781609195402298,0.6272764205932617,311,gemma26,C1,0.6875212788581848,0.5767389535903931,0.08673841685510562,stop
TCFC-0001628280-21-003922,0.1574539363484087,0.045302013422818796,0.08542713567839195,0.603123664855957,152,gemma26,C1t,0.6596726179122925,0.555504322052002,0.06133025343025559,stop
TCFC-0001628280-21-003922,0.27018633540372666,0.03212435233160622,0.09834368530020703,0.6054633855819702,836,gemma26,C2,0.6281673312187195,0.584343433380127,0.1417958259580522,stop
TCFC-0001628280-21-003922,0.26822157434402333,0.04671532846715328,0.1107871720116618,0.6405001282691956,285,gemma26,C3,0.7123339772224426,0.5818270444869995,0.10020971026214948,stop
TCFC-0001628280-21-003922,0.25358490566037734,0.028722600151171583,0.11471698113207549,0.6153794527053833,233,gemma26,C4,0.7244422435760498,0.534857988357544,0.07928413657856917,stop
TCFC-0001628280-21-003922,0.31053604436229204,0.040715607649599014,0.13308687615526804,0.6517093181610107,467,gemma26,C5,0.7334136962890625,0.5863844752311707,0.12746967330751582,stop
TSHA-0001564590-21-010433,0.13793103448275862,0.008635578583765112,0.06724137931034484,0.503486692905426,146,gemma26,C1,0.5915570259094238,0.43824172019958496,0.05180103632156152,stop
TSHA-0001564590-21-010433,0.16865417376490632,0.02218430034129693,0.08347529812606473,0.5304469466209412,158,gemma26,C1t,0.6114394068717957,0.46840158104896545,0.06262201335966204,stop
TSHA-0001564590-21-010433,0.13929492691315562,0.018949181739879417,0.0705073086844368,0.5123406648635864,148,gemma26,C2,0.5940130949020386,0.4504122734069824,0.04830272677460579,stop
TSHA-0001564590-21-010433,0.1461736887360275,0.018949181739879417,0.07394668959587275,0.5028247833251953,146,gemma26,C3,0.5814146995544434,0.4429510831832886,0.05031161471875618,stop
TSHA-0001564590-21-010433,0.20933977455716582,0.035483870967741936,0.08051529790660227,0.5692991614341736,209,gemma26,C4,0.647102952003479,0.5081965327262878,0.07195673177903801,stop
TSHA-0001564590-21-010433,0.17483660130718956,0.02127659574468085,0.08006535947712418,0.5217695832252502,208,gemma26,C5,0.5925268530845642,0.4661087393760681,0.07135006052680033,stop
PZN-0001564590-20-009500,0.13436692506459952,0.029335634167385674,0.09474590869939709,0.5391533374786377,153,gemma26,C1,0.758258581161499,0.418285995721817,0.05296837990363755,stop
PZN-0001564590-20-009500,0.02551521099116781,0.0058997050147492625,0.019627085377821395,0.4128821790218353,20,gemma26,C1t,0.5811681747436523,0.32017168402671814,0.010022048506714773,stop
PZN-0001564590-20-009500,0.15011727912431586,0.028191072826938134,0.09069585613760751,0.5163150429725647,254,gemma26,C2,0.5901800394058228,0.45888280868530273,0.05909112707121605,stop
PZN-0001564590-20-009500,0.05389797882579403,0.0,0.03464870067372474,0.4803615212440491,38,gemma26,C3,0.6273944973945618,0.3891599774360657,0.013009106374462124,stop
PZN-0001564590-20-009500,0.13166666666666665,0.025041736227045072,0.1,0.526929497718811,189,gemma26,C4,0.748093843460083,0.40669524669647217,0.05425352562656539,stop
PZN-0001564590-20-009500,0.25775327360441075,0.03450655624568669,0.14334941419710545,0.5561721920967102,409,gemma26,C5,0.6429962515830994,0.4900064766407013,0.11295931142472274,stop
ASH-0001674862-16-000008,0.48816768086544954,0.21800947867298578,0.23935091277890463,0.7517019510269165,527,gemma26,C1,0.816765546798706,0.6962394714355469,0.22302369137858952,stop
ASH-0001674862-16-000008,0.4897058823529412,0.3519882179675994,0.32647058823529407,0.7717057466506958,376,gemma26,C1t,0.8604752421379089,0.6995390057563782,0.20758698376343057,stop
ASH-0001674862-16-000008,0.4300291545189504,0.20729927007299265,0.1807580174927114,0.7405526041984558,405,gemma26,C2,0.8041843175888062,0.6862523555755615,0.1783520750298425,stop
ASH-0001674862-16-000008,0.4490398818316101,0.25295857988165676,0.27917282127031023,0.7605422735214233,392,gemma26,C3,0.8383399844169617,0.695957601070404,0.1796582749950305,stop
ASH-0001674862-16-000008,0.44870848708487093,0.25277161862527714,0.29225092250922513,0.7571709752082825,395,gemma26,C4,0.8431069850921631,0.6871330738067627,0.17696394548112632,stop
ASH-0001674862-16-000008,0.4761225944404847,0.2698072805139186,0.300784034212402,0.7604396939277649,440,gemma26,C5,0.8376407027244568,0.6962683200836182,0.20180854862668812,stop
JNPR-0001043604-21-000013,0.3893412287194671,0.20014825796886584,0.20133234641006661,0.6762458086013794,329,gemma26,C1,0.7393916249275208,0.6230369210243225,0.1384290733430308,stop
JNPR-0001043604-21-000013,0.36281859070464767,0.1816816816816817,0.17991004497751126,0.6646127700805664,316,gemma26,C1t,0.7220779657363892,0.6156198382377625,0.13232080236119806,stop
JNPR-0001043604-21-000013,0.14660633484162894,0.04895738893925657,0.09411764705882351,0.5821013450622559,87,gemma26,C2,0.7648568153381348,0.46983790397644043,0.03526054476524043,stop
JNPR-0001043604-21-000013,0.20613287904599661,0.05631399317406143,0.11584327086882452,0.5881539583206177,144,gemma26,C3,0.7654277682304382,0.4775523543357849,0.049984896969497025,stop
JNPR-0001043604-21-000013,0.1894005212858384,0.06266318537859007,0.1198957428323197,0.6008944511413574,127,gemma26,C4,0.7766898274421692,0.4899904131889343,0.051005597384584905,stop
JNPR-0001043604-21-000013,0.19444444444444445,0.06086956521739131,0.11458333333333333,0.5929021835327148,126,gemma26,C5,0.7717558145523071,0.4813498258590698,0.04856659322623224,stop
PMVP-0001564590-21-010578,0.38385650224215245,0.14914645103324348,0.22062780269058296,0.676441490650177,314,gemma26,C1,0.7620729207992554,0.6081103086471558,0.1939982337070754,stop
PMVP-0001564590-21-010578,0.3811320754716981,0.15122873345935728,0.15849056603773584,0.6695258617401123,261,gemma26,C1t,0.7434927821159363,0.6089445352554321,0.17049923802250125,stop
PMVP-0001564590-21-010578,0.2970873786407767,0.10894941634241247,0.1378640776699029,0.6564643979072571,230,gemma26,C2,0.706332802772522,0.613173246383667,0.13069184374025927,stop
PMVP-0001564590-21-010578,0.27234927234927236,0.06458333333333333,0.1392931392931393,0.644721508026123,169,gemma26,C3,0.7295101881027222,0.5775899887084961,0.0905224077654633,stop
PMVP-0001564590-21-010578,0.2917933130699088,0.07918781725888324,0.12968591691995948,0.6438341736793518,194,gemma26,C4,0.7053897380828857,0.592159628868103,0.0987462658834087,stop
PMVP-0001564590-21-010578,0.3545816733067729,0.17365269461077845,0.16533864541832669,0.6851824522018433,214,gemma26,C5,0.7754453420639038,0.6137421131134033,0.15450725943413596,stop
SSNT-0001185185-18-000498,0.12850678733031676,0.05077062556663644,0.08506787330316741,0.5875309705734253,95,gemma26,C1,0.7143497467041016,0.49895188212394714,0.051301925890105377,stop
SSNT-0001185185-18-000498,0.12850678733031676,0.05258386219401631,0.07601809954751132,0.5832469463348389,95,gemma26,C1t,0.7157371044158936,0.4921458065509796,0.049159412270479805,stop
SSNT-0001185185-18-000498,0.13019891500904157,0.052536231884057975,0.07775768535262206,0.5907828211784363,96,gemma26,C2,0.7210836410522461,0.5003659725189209,0.04868509083423396,stop
SSNT-0001185185-18-000498,0.12850678733031676,0.0471441523118767,0.07601809954751132,0.5875896215438843,95,gemma26,C3,0.7121014595031738,0.5001396536827087,0.04710024087455994,stop
SSNT-0001185185-18-000498,0.13176895306859207,0.050632911392405056,0.07581227436823104,0.5896931886672974,98,gemma26,C4,0.7166905403137207,0.5009286999702454,0.05071805015638263,stop
SSNT-0001185185-18-000498,0.12522686025408347,0.04909090909090909,0.07259528130671507,0.5838489532470703,92,gemma26,C5,0.7134580612182617,0.49409082531929016,0.04773946387913495,stop
ALNA-0001564590-21-012238,0.3755656108597285,0.17522658610271902,0.20060331825037708,0.6906952261924744,312,gemma26,C1,0.7414593696594238,0.6464368104934692,0.1482141476342916,stop
ALNA-0001564590-21-012238,0.4444444444444444,0.1648793565683646,0.17804551539491298,0.7018617391586304,466,gemma26,C1t,0.7670973539352417,0.6468520164489746,0.20293846925681208,stop
ALNA-0001564590-21-012238,0.19983065198983913,0.0729431721798134,0.12023708721422524,0.577755331993103,165,gemma26,C2,0.6678247451782227,0.5090938210487366,0.06594065341192927,stop
ALNA-0001564590-21-012238,0.25720966484801244,0.07494145199063232,0.13094310210444274,0.5892013311386108,259,gemma26,C3,0.6794106364250183,0.5201393365859985,0.08103033667542059,stop
ALNA-0001564590-21-012238,0.33333333333333337,0.10876132930513595,0.18250377073906487,0.6171977519989014,307,gemma26,C4,0.7228788137435913,0.538475513458252,0.10965056552147556,stop
ALNA-0001564590-21-012238,0.21585160202360876,0.08614864864864866,0.14502529510961215,0.5878922939300537,165,gemma26,C5,0.6849366426467896,0.5149344205856323,0.07477051388583494,stop
ACHV-0001193125-14-093757,0.37037037037037035,0.1420678768745067,0.14814814814814817,0.6469382643699646,342,gemma26,C1,0.6918748617172241,0.6074829697608948,0.1547452457263067,stop
ACHV-0001193125-14-093757,0.26244343891402716,0.10154125113327289,0.11402714932126697,0.61989426612854,198,gemma26,C1t,0.7123563885688782,0.5486773252487183,0.11087866872960427,stop
ACHV-0001193125-14-093757,0.2773186409550046,0.10855565777368906,0.12672176308539945,0.635127604007721,175,gemma26,C2,0.7590652704238892,0.5459815263748169,0.10076629261725197,stop
ACHV-0001193125-14-093757,0.15571284125379167,0.09929078014184398,0.0930232558139535,0.6147725582122803,81,gemma26,C3,0.7739826440811157,0.5098874568939209,0.06180076703252957,stop
ACHV-0001193125-14-093757,0.09623430962343096,0.05450733752620545,0.06276150627615062,0.5676278471946716,49,gemma26,C4,0.7260388135910034,0.4659618139266968,0.041346957415230055,stop
ACHV-0001193125-14-093757,0.1705115346038114,0.11256281407035176,0.10431293881644935,0.6296311020851135,89,gemma26,C5,0.8042628765106201,0.5173068046569824,0.06964023108494072,stop
STRL-0000874238-21-000010,0.26782608695652177,0.10801393728222997,0.15130434782608698,0.6065210103988647,192,gemma26,C1,0.7280542850494385,0.5197583436965942,0.07705944165151468,stop
STRL-0000874238-21-000010,0.1,0.025540275049115917,0.06862745098039216,0.5249040126800537,76,gemma26,C1t,0.6382714509963989,0.44573432207107544,0.03239522170479854,stop
STRL-0000874238-21-000010,0.2442477876106195,0.060283687943262415,0.12566371681415928,0.6038655638694763,172,gemma26,C2,0.7429261207580566,0.5086556077003479,0.0651734628225039,stop
STRL-0000874238-21-000010,0.28862478777589134,0.07312925170068027,0.15789473684210525,0.6129448413848877,212,gemma26,C3,0.7450228929519653,0.5206446647644043,0.0837804444150137,stop
STRL-0000874238-21-000010,0.3310626702997275,0.08458390177353343,0.17847411444141686,0.6256168484687805,471,gemma26,C4,0.7436463236808777,0.5399218797683716,0.13149690406302014,stop
STRL-0000874238-21-000010,0.3110367892976588,0.11557788944723617,0.1605351170568562,0.6395747065544128,235,gemma26,C5,0.7684800624847412,0.5477026700973511,0.09597488306550937,stop
APVO-0001564590-21-016875,0.3099099099099099,0.13537906137184114,0.18198198198198198,0.6622013449668884,242,gemma26,C1,0.7032423615455627,0.625686526298523,0.13414524081244794,stop
APVO-0001564590-21-016875,0.33998265394622723,0.1424847958297133,0.1873373807458803,0.6546290516853333,279,gemma26,C1t,0.7092866897583008,0.6077926158905029,0.1513561670134688,stop
APVO-0001564590-21-016875,0.3508771929824561,0.10389610389610389,0.16170861937452327,0.6330828666687012,426,gemma26,C2,0.6706678867340088,0.5994869470596313,0.15036559608540923,stop
APVO-0001564590-21-016875,0.23163841807909608,0.069811320754717,0.12994350282485875,0.5885492563247681,194,gemma26,C3,0.6514462232589722,0.5367282629013062,0.08188919727146461,stop
APVO-0001564590-21-016875,0.33474218089602703,0.09314140558848433,0.15384615384615385,0.6275575160980225,310,gemma26,C4,0.6939809322357178,0.5727386474609375,0.11874743701915663,stop
APVO-0001564590-21-016875,0.31782265144863914,0.15303430079155672,0.21422300263388938,0.6595864295959473,279,gemma26,C5,0.7154953479766846,0.6117817163467407,0.1318747918059197,stop
ATAX-0001059142-15-000007,0.3563295378432686,0.07645875251509054,0.1419959812458138,0.6604621410369873,450,gemma26,C1,0.7299709320068359,0.6030398607254028,0.15113335267542236,stop
ATAX-0001059142-15-000007,0.4838292367399742,0.17875647668393785,0.21733505821474774,0.7002595663070679,536,gemma26,C1t,0.7822186350822449,0.6338465809822083,0.215214384060326,stop
ATAX-0001059142-15-000007,0.20231660231660234,0.04021655065738593,0.10656370656370655,0.5795134902000427,230,gemma26,C2,0.6769038438796997,0.5066226124763489,0.06300281407563425,stop
ATAX-0001059142-15-000007,0.15611448395490024,0.03301476976542137,0.08152645273200347,0.5679092407226562,117,gemma26,C3,0.6792494058609009,0.4879295825958252,0.043868495361032676,stop
ATAX-0001059142-15-000007,0.2366412213740458,0.05045871559633027,0.12519083969465647,0.5916762351989746,243,gemma26,C4,0.6836932897567749,0.5214898586273193,0.07333267267862452,stop
ATAX-0001059142-15-000007,0.1368421052631579,0.03163444639718805,0.07894736842105263,0.556483805179596,102,gemma26,C5,0.6693458557128906,0.4761907458305359,0.03636363636363636,stop
SNBR-0001564590-19-004499,0.2507177033492823,0.1629913710450623,0.17416267942583732,0.6777124404907227,135,gemma26,C1,0.8139628171920776,0.5805357694625854,0.08481496038175051,stop
SNBR-0001564590-19-004499,0.25381679389312983,0.15678776290630975,0.15648854961832062,0.6737534999847412,142,gemma26,C1t,0.7786118388175964,0.5937862992286682,0.09294498181384625,stop
SNBR-0001564590-19-004499,0.2598290598290598,0.11301369863013698,0.14358974358974358,0.6176173686981201,253,gemma26,C2,0.6614878177642822,0.5792040824890137,0.1105255157658998,stop
SNBR-0001564590-19-004499,0.25812441968430827,0.11534883720930234,0.15041782729805017,0.6486518979072571,168,gemma26,C3,0.7500416040420532,0.5714094042778015,0.09446471915877566,stop
SNBR-0001564590-19-004499,0.2469135802469136,0.11037107516650807,0.14434947768281103,0.6472410559654236,140,gemma26,C4,0.773720383644104,0.5563027858734131,0.08135940824027459,stop
SNBR-0001564590-19-004499,0.30063006300630063,0.1352569882777277,0.18901890189018902,0.7025701403617859,221,gemma26,C5,0.798461377620697,0.6272416114807129,0.10924778698759587,stop
BRMK-0001104659-20-034181,0.31654676258992803,0.17117117117117117,0.1564748201438849,0.688917338848114,192,gemma26,C1,0.7885648012161255,0.611628532409668,0.10697358560466629,stop
BRMK-0001104659-20-034181,0.2832618025751073,0.06534823731728288,0.14077253218884123,0.5968182682991028,257,gemma26,C1t,0.6328895688056946,0.5646369457244873,0.10353898200298077,stop
BRMK-0001104659-20-034181,0.12870275791624106,0.04912998976458546,0.08375893769152196,0.5626348257064819,65,gemma26,C2,0.707952082157135,0.46681445837020874,0.03409876742394107,stop
BRMK-0001104659-20-034181,0.322524101665206,0.14223002633889376,0.17002629272567923,0.6825396418571472,223,gemma26,C3,0.7431753873825073,0.6310519576072693,0.13144711961301672,stop
BRMK-0001104659-20-034181,0.21566820276497697,0.04986149584487535,0.09953917050691245,0.5844035148620605,177,gemma26,C4,0.6540095210075378,0.5281885862350464,0.09468991938367873,stop
BRMK-0001104659-20-034181,0.2609472743521001,0.07699194270367055,0.12332439678284182,0.6154608130455017,206,gemma26,C5,0.6701982021331787,0.5689895153045654,0.10864720469854068,stop
ADAP-0001558370-21-001827,0.27845884413309985,0.15438596491228068,0.17688266199649738,0.7306677103042603,231,gemma26,C1,0.7416961193084717,0.719962477684021,0.1258583664431137,stop
ADAP-0001558370-21-001827,0.28422876949740034,0.15104166666666666,0.17677642980935873,0.7338167428970337,243,gemma26,C1t,0.7407998442649841,0.7269641160964966,0.12095698751941726,stop
ADAP-0001558370-21-001827,0.19905213270142183,0.1329534662867996,0.14597156398104266,0.7129234075546265,138,gemma26,C2,0.7455862760543823,0.683002233505249,0.08785947723695117,stop
ADAP-0001558370-21-001827,0.19905213270142183,0.10636277302943968,0.14028436018957344,0.6768695712089539,135,gemma26,C3,0.7121872901916504,0.6448892951011658,0.07770221746995365,stop
ADAP-0001558370-21-001827,0.2981029810298103,0.2063348416289593,0.22222222222222224,0.778348445892334,197,gemma26,C4,0.822486400604248,0.7387063503265381,0.15619026516929843,stop
ADAP-0001558370-21-001827,0.2639138240574506,0.16546762589928057,0.1974865350089767,0.7394179701805115,204,gemma26,C5,0.7632402777671814,0.7170377373695374,0.13402714152638004,stop
GBLIL-0001564590-21-012923,0.19301848049281314,0.06995884773662552,0.10882956878850102,0.6218699812889099,130,gemma26,C1,0.7543387413024902,0.5289767980575562,0.07188447519831281,stop
GBLIL-0001564590-21-012923,0.16033755274261602,0.05708245243128964,0.10126582278481013,0.6204276084899902,115,gemma26,C1t,0.7071403861045837,0.5526581406593323,0.06070342768963331,stop
GBLIL-0001564590-21-012923,0.1944235116804823,0.022641509433962263,0.10550113036925396,0.5673301219940186,443,gemma26,C2,0.6700466871261597,0.49191996455192566,0.07307275299594441,stop
GBLIL-0001564590-21-012923,0.20114472608340148,0.01965601965601966,0.09484873262469337,0.5627858638763428,339,gemma26,C3,0.6571007966995239,0.4921470880508423,0.09660439267213843,stop
GBLIL-0001564590-21-012923,0.19778481012658228,0.022187004754358162,0.10443037974683544,0.5689994096755981,385,gemma26,C4,0.6629263162612915,0.498385488986969,0.08776327913398325,stop
GBLIL-0001564590-21-012923,0.19309123117803365,0.021295474711623782,0.10628875110717448,0.5756020545959473,266,gemma26,C5,0.6865313649177551,0.4955339729785919,0.07166901114315181,stop
GMBLW-0001213900-19-019346,0.2230576441102757,0.030150753768844216,0.11278195488721804,0.4833921492099762,204,gemma26,C1,0.5085123777389526,0.4606369435787201,0.10334735108818777,stop
GMBLW-0001213900-19-019346,0.16569767441860464,0.02915451895043732,0.10755813953488372,0.44912663102149963,108,gemma26,C1t,0.4969089925289154,0.4097275733947754,0.07623208841410777,stop
GMBLW-0001213900-19-019346,0.18364418938307028,0.022988505747126436,0.10473457675753227,0.5303592681884766,760,gemma26,C2,0.5441409349441528,0.5172584652900696,0.1382286502002152,stop
GMBLW-0001213900-19-019346,0.1878453038674033,0.036011080332409975,0.10497237569060776,0.4968525171279907,135,gemma26,C3,0.5377954840660095,0.4617025554180145,0.0913115616068913,stop
GMBLW-0001213900-19-019346,0.16034985422740525,0.02046783625730994,0.09620991253644315,0.47846171259880066,104,gemma26,C4,0.5312599539756775,0.4352092742919922,0.06425904173998433,stop
GMBLW-0001213900-19-019346,0.18285714285714283,0.051575931232091685,0.10857142857142858,0.49153852462768555,114,gemma26,C5,0.5375019311904907,0.45281681418418884,0.09159037276609985,stop
TREC-0000007039-21-000036,0.3038461538461538,0.10597302504816955,0.11346153846153843,0.6372050046920776,188,gemma26,C1,0.6838570833206177,0.5965115427970886,0.10508523241813456,stop
TREC-0000007039-21-000036,0.2545805207328833,0.0714975845410628,0.12921890067502412,0.6246500611305237,198,gemma26,C1t,0.6975483894348145,0.5655467510223389,0.0967976115073341,stop
TREC-0000007039-21-000036,0.28711897738446407,0.10640394088669951,0.127826941986234,0.6578807234764099,180,gemma26,C2,0.7024600505828857,0.6186219453811646,0.11127069822955263,stop
TREC-0000007039-21-000036,0.22222222222222224,0.08784473953013279,0.12844036697247704,0.6562138795852661,148,gemma26,C3,0.7175729274749756,0.6045217514038086,0.09273725778986254,stop
TREC-0000007039-21-000036,0.28432327166504384,0.09560975609756098,0.12268743914313533,0.6513262987136841,191,gemma26,C4,0.7107260227203369,0.6010895371437073,0.12156664577426314,stop
TREC-0000007039-21-000036,0.2862706913339825,0.09560975609756098,0.12074001947419667,0.6717067956924438,196,gemma26,C5,0.7236570119857788,0.6267157793045044,0.1221967818493336,stop
TENX-0001193125-10-165026,0.23134953897736799,0.07556675062972291,0.12070410729253983,0.6307761669158936,236,gemma26,C1,0.718740701675415,0.561995267868042,0.08258015144260743,stop
TENX-0001193125-10-165026,0.14015151515151514,0.04174573055028463,0.08333333333333333,0.5896909832954407,113,gemma26,C1t,0.6739871501922607,0.5241367816925049,0.05984520968476041,stop
TENX-0001193125-10-165026,0.19635099913119025,0.06614447345517842,0.104257167680278,0.6028649210929871,201,gemma26,C2,0.7196906805038452,0.5186702609062195,0.06881173459511775,stop
TENX-0001193125-10-165026,0.20289855072463767,0.0689655172413793,0.1068840579710145,0.5970699191093445,159,gemma26,C3,0.7204815149307251,0.509753942489624,0.05316840277777778,stop
TENX-0001193125-10-165026,0.209366391184573,0.09383624655013799,0.12672176308539942,0.6057298183441162,143,gemma26,C4,0.7345427870750427,0.5153546929359436,0.06036278710359121,stop
TENX-0001193125-10-165026,0.25894378194207834,0.11262798634812288,0.14991482112436114,0.6232525110244751,203,gemma26,C5,0.7349898219108582,0.5410057306289673,0.0887287588728759,stop
ATEX-0001193125-15-219362,0.3650425367362722,0.1673121611154144,0.2119102861562258,0.6946812272071838,275,gemma26,C1,0.7709844708442688,0.6321210861206055,0.14384356496957582,stop
ATEX-0001193125-15-219362,0.41309090909090906,0.1981063364894392,0.18909090909090912,0.6861666440963745,346,gemma26,C1t,0.749194860458374,0.6329203844070435,0.17539065402785992,stop
ATEX-0001193125-15-219362,0.22114608555286522,0.043654001616814875,0.11945117029862792,0.5846007466316223,200,gemma26,C2,0.7088651657104492,0.49740538001060486,0.062456953819692386,stop
ATEX-0001193125-15-219362,0.2206001622060016,0.04224207961007311,0.11516626115166262,0.5897297859191895,195,gemma26,C3,0.7114232778549194,0.5035878419876099,0.06494923313257772,stop
ATEX-0001193125-15-219362,0.23113207547169812,0.037795275590551174,0.11949685534591195,0.5813137888908386,225,gemma26,C4,0.7038519382476807,0.49511581659317017,0.06330365974282888,stop
ATEX-0001193125-15-219362,0.10691244239631335,0.02400738688827331,0.07004608294930875,0.5602378249168396,69,gemma26,C5,0.7202708125114441,0.4583905339241028,0.02901958476447279,stop
PAG-0001558370-21-001299,0.24916943521594684,0.08818635607321132,0.11794019933554818,0.6410273313522339,191,gemma26,C1,0.7241377830505371,0.5750302076339722,0.09213558607414042,stop
PAG-0001558370-21-001299,0.20872540633019673,0.06683804627249358,0.10949529512403762,0.6177300810813904,159,gemma26,C1t,0.7105532884597778,0.5463566780090332,0.07606354296417057,stop
PAG-0001558370-21-001299,0.3967906637490882,0.15047479912344777,0.1823486506199854,0.6824429035186768,314,gemma26,C2,0.7659214735031128,0.6153727769851685,0.1424031654247001,stop
PAG-0001558370-21-001299,0.3645680819912152,0.13343108504398826,0.15080527086383602,0.6804875731468201,306,gemma26,C3,0.7674909830093384,0.611201286315918,0.11821371602030878,stop
PAG-0001558370-21-001299,0.23916532905296947,0.04823151125401929,0.10754414125200644,0.617712140083313,194,gemma26,C4,0.708223819732666,0.5477137565612793,0.07674230360475812,stop
PAG-0001558370-21-001299,0.3803446075303127,0.1354632587859425,0.1723037651563497,0.6571008563041687,432,gemma26,C5,0.720274806022644,0.6041150689125061,0.1381036327925344,stop
PLD-0001564590-19-002872,0.4830769230769231,0.1325115562403698,0.1476923076923077,0.672095775604248,442,gemma26,C1,0.7297182083129883,0.6229076385498047,0.21687268957137942,stop
PLD-0001564590-19-002872,0.500772797527048,0.14551083591331268,0.15146831530139104,0.6741349101066589,450,gemma26,C1t,0.7298095226287842,0.6263526082038879,0.22945821329975677,stop
PLD-0001564590-19-002872,0.2502283105022831,0.03293687099725526,0.12785388127853883,0.5805132389068604,227,gemma26,C2,0.677284836769104,0.5079381465911865,0.08702888394719772,stop
PLD-0001564590-19-002872,0.17726798748696557,0.022988505747126433,0.08967674661105318,0.5751853585243225,113,gemma26,C3,0.7042709589004517,0.4860900938510895,0.050297528882383875,stop
PLD-0001564590-19-002872,0.27695167286245354,0.035381750465549346,0.12825278810408922,0.5861347913742065,214,gemma26,C4,0.7010063529014587,0.5036099553108215,0.09006868234673505,stop
PLD-0001564590-19-002872,0.2097087378640777,0.0311284046692607,0.09514563106796117,0.5817312002182007,172,gemma26,C5,0.6808741092681885,0.5077911019325256,0.07241418633823697,stop
WSBC-0001564590-20-007827,0.026183282980866064,0.0020181634712411706,0.016112789526686808,0.40068885684013367,21,gemma26,C1,0.5789628028869629,0.30635592341423035,0.011542497376705142,stop
WSBC-0001564590-20-007827,0.026209677419354836,0.00202020202020202,0.016129032258064516,0.3978915512561798,20,gemma26,C1t,0.5823794007301331,0.30216944217681885,0.010495382031905962,stop
WSBC-0001564590-20-007827,0.12052730696798494,0.024528301886792454,0.06591337099811677,0.5680176019668579,89,gemma26,C2,0.6811536550521851,0.48711100220680237,0.03541666666666666,stop
WSBC-0001564590-20-007827,0.12382739212007504,0.020676691729323307,0.06378986866791746,0.5751200318336487,93,gemma26,C3,0.6732746958732605,0.5019432306289673,0.03747657713928794,stop
WSBC-0001564590-20-007827,0.026183282980866064,0.0020181634712411706,0.016112789526686808,0.40068885684013367,21,gemma26,C4,0.5789628028869629,0.30635592341423035,0.011542497376705142,stop
WSBC-0001564590-20-007827,0.041916167664670656,0.002,0.021956087824351298,0.4400322139263153,28,gemma26,C5,0.6072448492050171,0.3450251519680023,0.013631120897556883,stop
PPC-0000802481-21-000015,0.33676333021515437,0.09746954076850986,0.13470533208606175,0.6495048403739929,274,gemma26,C1,0.7073392271995544,0.6004130840301514,0.12377402888232383,stop
PPC-0000802481-21-000015,0.21627408993576017,0.05793991416309013,0.10920770877944323,0.609322726726532,156,gemma26,C1t,0.6599063277244568,0.5659418106079102,0.06957451181520954,stop
PPC-0000802481-21-000015,0.26998491704374056,0.04531722054380665,0.1251885369532428,0.6277519464492798,470,gemma26,C2,0.6911594271659851,0.5750010013580322,0.10660742749254211,stop
PPC-0000802481-21-000015,0.25303292894280766,0.03472222222222222,0.12131715771230503,0.6133273243904114,324,gemma26,C3,0.6898613572120667,0.5520790219306946,0.09189193787316392,stop
PPC-0000802481-21-000015,0.314410480349345,0.06299212598425197,0.13624454148471615,0.6348941326141357,319,gemma26,C4,0.7156399488449097,0.5705220103263855,0.13897165074137113,stop
PPC-0000802481-21-000015,0.25585585585585585,0.05415162454873647,0.12252252252252253,0.623144805431366,288,gemma26,C5,0.7222282886505127,0.5479682683944702,0.09851445361307788,stop
CAL-0001683168-20-000046,0.24732229795520935,0.07609756097560975,0.12463485881207402,0.5461991429328918,236,gemma26,C1,0.6559613943099976,0.4679045081138611,0.11567774006565346,stop
CAL-0001683168-20-000046,0.24308300395256918,0.07524752475247524,0.1264822134387352,0.5348281264305115,239,gemma26,C1t,0.6215100288391113,0.469365656375885,0.11388284792404019,stop
CAL-0001683168-20-000046,0.07838479809976247,0.014285714285714285,0.052256532066508314,0.46359536051750183,65,gemma26,C2,0.5778101682662964,0.3870815634727478,0.02483010977522216,stop
CAL-0001683168-20-000046,0.11071849234393402,0.033057851239669415,0.07302709069493521,0.48107805848121643,72,gemma26,C3,0.6220346093177795,0.3922027349472046,0.03403586856918445,stop
CAL-0001683168-20-000046,0.1323042998897464,0.04419889502762431,0.08158765159867697,0.5304755568504333,130,gemma26,C4,0.6043702363967896,0.4726819396018982,0.05473258202336786,stop
CAL-0001683168-20-000046,0.1466208476517755,0.05970149253731344,0.09392898052691867,0.526932418346405,95,gemma26,C5,0.6714754104614258,0.4335957169532776,0.05696929285763566,stop
SLB-0001564590-21-002477,0.35815602836879434,0.08170515097690942,0.15602836879432624,0.6147510409355164,360,gemma26,C1,0.7264422178268433,0.5328282117843628,0.1370444528691824,stop
SLB-0001564590-21-002477,0.04342273307790549,0.015364916773367479,0.0280970625798212,0.4048774838447571,20,gemma26,C1t,0.5870630145072937,0.3089880347251892,0.02010647017907154,stop
SLB-0001564590-21-002477,0.30612244897959184,0.07434944237918216,0.137291280148423,0.5847763419151306,298,gemma26,C2,0.6715148687362671,0.5178823471069336,0.12147111196044316,stop
SLB-0001564590-21-002477,0.30921704658077304,0.06554121151936446,0.13875123885034688,0.6031062602996826,237,gemma26,C3,0.7269350290298462,0.5153241157531738,0.10173530144486666,stop
SLB-0001564590-21-002477,0.3398328690807799,0.07441860465116279,0.12256267409470753,0.6064782738685608,295,gemma26,C4,0.715036928653717,0.5265378952026367,0.11822115921690195,stop
SLB-0001564590-21-002477,0.3378500451671183,0.07782805429864253,0.13369467028003612,0.6050205230712891,326,gemma26,C5,0.7226950526237488,0.5203012824058533,0.13513241246926153,stop
ONDS-0001213900-20-006218,0.3295553618134263,0.06462882096069869,0.13426329555361816,0.576906681060791,364,gemma26,C1,0.6376476287841797,0.5267313122749329,0.15008049516590338,stop
ONDS-0001213900-20-006218,0.18376068376068375,0.023554603854389723,0.09401709401709403,0.5080747604370117,166,gemma26,C1t,0.5766686797142029,0.45406442880630493,0.06412391176790798,stop
ONDS-0001213900-20-006218,0.23275862068965517,0.04967602591792656,0.10344827586206898,0.5603787899017334,161,gemma26,C2,0.655028223991394,0.48962897062301636,0.08275085143297778,stop
ONDS-0001213900-20-006218,0.11901983663943991,0.023391812865497075,0.07001166861143523,0.5168090462684631,91,gemma26,C3,0.6307387351989746,0.4377404451370239,0.04591369171843158,stop
ONDS-0001213900-20-006218,0.17136414881623452,0.0384180790960452,0.08568207440811726,0.5465279817581177,121,gemma26,C4,0.6581974029541016,0.4672538936138153,0.06317487115735568,stop
ONDS-0001213900-20-006218,0.21521739130434783,0.05664488017429194,0.1,0.5535989999771118,150,gemma26,C5,0.6605297327041626,0.47646564245224,0.08713509737645317,stop
VIRC-0001628280-21-007933,0.17910447761194032,0.05980066445182724,0.09784411276948592,0.5681068301200867,168,gemma26,C1,0.654495894908905,0.5018641352653503,0.06625337043698995,stop
VIRC-0001628280-21-007933,0.16197783461210571,0.06660973526900084,0.09718670076726342,0.571403443813324,137,gemma26,C1t,0.6713790893554688,0.4973435401916504,0.057442607150958724,stop
VIRC-0001628280-21-007933,0.20213640098603122,0.07407407407407407,0.10846343467543139,0.5822060108184814,184,gemma26,C2,0.6765013933181763,0.5109819173812866,0.06883176944618138,stop
VIRC-0001628280-21-007933,0.16568047337278108,0.06435224386113463,0.09467455621301775,0.5739244818687439,150,gemma26,C3,0.6757634282112122,0.4987602233886719,0.05753135912482153,stop
VIRC-0001628280-21-007933,0.16877637130801687,0.06593406593406592,0.09789029535864979,0.576053261756897,152,gemma26,C4,0.6786097288131714,0.5004253387451172,0.05848068808983833,stop
VIRC-0001628280-21-007933,0.17157275021026072,0.06571187868576242,0.09756097560975611,0.5779051780700684,156,gemma26,C5,0.6797350645065308,0.5026100873947144,0.057989378879915045,stop
CSLT-0001433714-17-000049,0.3225806451612903,0.10339256865912762,0.1596774193548387,0.6301115155220032,391,gemma26,C1,0.6995412111282349,0.573219358921051,0.13384828740593183,stop
CSLT-0001433714-17-000049,0.03262233375156838,0.005031446540880503,0.020075282308657464,0.4032052159309387,20,gemma26,C1t,0.5675854682922363,0.3126559257507324,0.012437810945273632,stop
CSLT-0001433714-17-000049,0.33192923336141533,0.1029535864978903,0.13647851727042964,0.6136305332183838,380,gemma26,C2,0.6543355584144592,0.5776932835578918,0.1477150450618474,stop
CSLT-0001433714-17-000049,0.07616707616707616,0.03201970443349753,0.05651105651105651,0.5356152653694153,34,gemma26,C3,0.6958447694778442,0.43536531925201416,0.0264546251123636,stop
CSLT-0001433714-17-000049,0.0855106888361045,0.011904761904761902,0.05938242280285036,0.43280866742134094,65,gemma26,C4,0.5389738082885742,0.36158493161201477,0.029277813923227064,stop
CSLT-0001433714-17-000049,0.37983929875821765,0.10241404535479151,0.170927684441198,0.6431529521942139,561,gemma26,C5,0.6973461508750916,0.5967755317687988,0.1786392864388697,stop
LSEAW-0001731122-21-000373,0.3306744017403916,0.13507625272331156,0.16098622189992748,0.6538407206535339,329,gemma26,C1,0.7200535535812378,0.5987796783447266,0.1353423913954389,stop
LSEAW-0001731122-21-000373,0.3406179351921628,0.17660377358490564,0.19593067068575734,0.6736605763435364,286,gemma26,C1t,0.779772162437439,0.5929691791534424,0.13871988233096752,stop
LSEAW-0001731122-21-000373,0.14190317195325544,0.03177257525083612,0.07846410684474123,0.5546878576278687,159,gemma26,C2,0.6611341238021851,0.4777650535106659,0.060847134284634286,stop
LSEAW-0001731122-21-000373,0.13016710642040458,0.022907488986784144,0.08267370272647317,0.5206876993179321,104,gemma26,C3,0.6563923954963684,0.4314817786216736,0.03384664120202105,stop
LSEAW-0001731122-21-000373,0.1715210355987055,0.0340356564019449,0.08090614886731391,0.5672581791877747,190,gemma26,C4,0.667190432548523,0.49336206912994385,0.0737484952121605,stop
LSEAW-0001731122-21-000373,0.16501650165016502,0.029752066115702483,0.08415841584158416,0.5638336539268494,173,gemma26,C5,0.6631787419319153,0.4903748035430908,0.0650885171068122,stop
EZPW-0000876523-14-000102,0.35261194029850745,0.1177570093457944,0.15671641791044774,0.6279190182685852,287,gemma26,C1,0.7126343250274658,0.5612050294876099,0.1305630913665818,stop
EZPW-0000876523-14-000102,0.15473441108545036,0.04166666666666667,0.09237875288683603,0.535346508026123,102,gemma26,C1t,0.6466735005378723,0.4567205309867859,0.050673747749485604,stop
EZPW-0000876523-14-000102,0.3799058084772371,0.0880503144654088,0.14442700156985874,0.6302098631858826,449,gemma26,C2,0.6796495914459229,0.5874751210212708,0.16816155120078366,stop
EZPW-0000876523-14-000102,0.33828382838283827,0.08099173553719008,0.1584158415841584,0.6164205074310303,365,gemma26,C3,0.6823396682739258,0.5621159076690674,0.1485759750525511,stop
EZPW-0000876523-14-000102,0.3505503810330229,0.07463952502120441,0.13378492802709568,0.6130608320236206,367,gemma26,C4,0.6668834686279297,0.567277193069458,0.14869005928045922,stop
EZPW-0000876523-14-000102,0.3711340206185567,0.09531374106433678,0.1570182394924663,0.6232433915138245,441,gemma26,C5,0.6817020773887634,0.5740190148353577,0.16524433044134174,stop
MTDR-0001520006-21-000056,0.4102564102564103,0.2505836575875487,0.2812742812742812,0.7251587510108948,384,gemma26,C1,0.8790618181228638,0.6171161532402039,0.2324460996332062,stop
MTDR-0001520006-21-000056,0.03781979977753059,0.006688963210702341,0.03114571746384872,0.4205532670021057,20,gemma26,C1t,0.6185379028320312,0.3185804486274719,0.015134816647103982,stop
MTDR-0001520006-21-000056,0.26056945642795515,0.06050129645635264,0.14667817083692838,0.6111977696418762,241,gemma26,C2,0.7248921394348145,0.5283324718475342,0.09602565390029576,stop
MTDR-0001520006-21-000056,0.1774193548387097,0.03434343434343434,0.10080645161290323,0.575810432434082,100,gemma26,C3,0.7297074198722839,0.4755217432975769,0.04638218923933209,stop
MTDR-0001520006-21-000056,0.1774193548387097,0.03636363636363636,0.10483870967741936,0.5798637270927429,100,gemma26,C4,0.7364116907119751,0.47820574045181274,0.04696196660482374,stop
MTDR-0001520006-21-000056,0.23529411764705882,0.05986903648269411,0.13632119514472457,0.6032410264015198,166,gemma26,C5,0.7363195419311523,0.5109031200408936,0.08075786889828025,stop
SFNC-0001628280-21-003318,0.2795216741405082,0.05538922155688622,0.14499252615844543,0.6305931210517883,513,gemma26,C1,0.6936956644058228,0.5780135989189148,0.1578979243698188,stop
SFNC-0001628280-21-003318,0.2694466720128308,0.04979919678714859,0.136327185244587,0.5908448696136475,405,gemma26,C1t,0.6489163637161255,0.5423132181167603,0.14023550073235827,stop
SFNC-0001628280-21-003318,0.1454898157129001,0.01554907677356657,0.08341416100872939,0.5613222718238831,197,gemma26,C2,0.6340122222900391,0.5035858154296875,0.05467682872604228,stop
SFNC-0001628280-21-003318,0.0124031007751938,0.0,0.009302325581395349,0.5045792460441589,4540,gemma26,C3,0.6313543915748596,0.4202030897140503,0.00741550230270861,length
SFNC-0001628280-21-003318,0.1285563751317176,0.006335797254487856,0.07165437302423604,0.529786229133606,114,gemma26,C4,0.633467435836792,0.45527082681655884,0.03989045010716837,stop
SFNC-0001628280-21-003318,0.1336116910229645,0.02092050209205021,0.07933194154488517,0.5602397322654724,132,gemma26,C5,0.6435543298721313,0.49602431058883667,0.04505656808177816,stop
STSA-0001564590-21-015557,0.3665223665223665,0.1315028901734104,0.16017316017316016,0.6579066514968872,375,gemma26,C1,0.7075981497764587,0.6147364377975464,0.17376465875196212,stop
STSA-0001564590-21-015557,0.3100303951367781,0.0898021308980213,0.1474164133738602,0.6450153589248657,308,gemma26,C1t,0.6970521211624146,0.6002081632614136,0.12996230520137622,stop
STSA-0001564590-21-015557,0.2578125,0.06885758998435054,0.1328125,0.6092997193336487,279,gemma26,C2,0.6449055075645447,0.5774199962615967,0.10494743998040049,stop
STSA-0001564590-21-015557,0.15053763440860216,0.04308797127468581,0.08243727598566308,0.597364604473114,124,gemma26,C3,0.6558701395988464,0.5484419465065002,0.05925867415396444,stop
STSA-0001564590-21-015557,0.1778552746294682,0.04890829694323145,0.0889276373147341,0.602128267288208,154,gemma26,C4,0.656842827796936,0.5558282136917114,0.06551746241684225,stop
STSA-0001564590-21-015557,0.18604651162790697,0.05004314063848145,0.09991386735572781,0.591239333152771,162,gemma26,C5,0.6496207118034363,0.5424861311912537,0.07053699226708778,stop
TJX-0000109198-21-000006,0.37071651090342683,0.15132605304212168,0.17289719626168223,0.6788787841796875,314,gemma26,C1,0.763264000415802,0.6112950444221497,0.14691936784844534,stop
TJX-0000109198-21-000006,0.29280397022332505,0.10770505385252692,0.12572373862696445,0.6319457292556763,241,gemma26,C1t,0.7231279611587524,0.5611836910247803,0.12058320470011936,stop
TJX-0000109198-21-000006,0.2607338017174083,0.07818608287724785,0.10304449648711943,0.6382600665092468,286,gemma26,C2,0.7031497955322266,0.5843350887298584,0.11034571916538882,stop
TJX-0000109198-21-000006,0.30842607313195547,0.10031847133757962,0.13195548489666137,0.6624918580055237,300,gemma26,C3,0.7523172497749329,0.5918285250663757,0.11650488087675584,stop
TJX-0000109198-21-000006,0.25583266291230894,0.0757453666398066,0.09814963797264682,0.6380581855773926,257,gemma26,C4,0.7055310606956482,0.5823643207550049,0.10240849236252914,stop
TJX-0000109198-21-000006,0.2413793103448276,0.07944732297063903,0.10172413793103448,0.6470499634742737,205,gemma26,C5,0.7403643131256104,0.5746251344680786,0.09301131107120975,stop
GRWG-0001213900-20-007584,0.3891178895300907,0.11065235342691991,0.1648804616652927,0.6461908221244812,415,gemma26,C1,0.7352471947669983,0.5763773918151855,0.1759147836086645,stop
GRWG-0001213900-20-007584,0.38365896980461817,0.09608540925266905,0.14742451154529307,0.6216963529586792,347,gemma26,C1t,0.7125188708305359,0.5514099597930908,0.16390538587321343,stop
GRWG-0001213900-20-007584,0.2508108108108108,0.08234019501625135,0.12108108108108108,0.6064626574516296,171,gemma26,C2,0.7058602571487427,0.5316034555435181,0.09572191196300697,stop
GRWG-0001213900-20-007584,0.24321389793702494,0.08052230685527746,0.11943539630836048,0.6074679493904114,167,gemma26,C3,0.7050084471702576,0.533637285232544,0.09507985604713007,stop
GRWG-0001213900-20-007584,0.32780487804878045,0.11143695014662756,0.1424390243902439,0.6465716361999512,270,gemma26,C4,0.7460291981697083,0.5705131888389587,0.1424313677771701,stop
GRWG-0001213900-20-007584,0.25269978401727866,0.08225108225108224,0.12095032397408206,0.6071692705154419,172,gemma26,C5,0.7073488831520081,0.5318456888198853,0.09636373988696965,stop
RIVE-0001193125-21-077350,0.20384294068504594,0.06192468619246862,0.08020050125313283,0.5903385877609253,159,gemma26,C1,0.7110469341278076,0.504665732383728,0.06245847075371035,stop
RIVE-0001193125-21-077350,0.16354344122657583,0.040955631399317405,0.08517887563884156,0.5904178619384766,154,gemma26,C1t,0.742117166519165,0.490211546421051,0.0582995560983967,stop
RIVE-0001193125-21-077350,0.20367278797996663,0.03344481605351171,0.09015025041736227,0.5835729837417603,164,gemma26,C2,0.697928786277771,0.5014158487319946,0.06460210952609827,stop
RIVE-0001193125-21-077350,0.20299500831946754,0.03833333333333334,0.09484193011647254,0.5864202380180359,171,gemma26,C3,0.7113298773765564,0.49882620573043823,0.058782627837526434,stop
RIVE-0001193125-21-077350,0.14776632302405499,0.02581755593803787,0.06701030927835051,0.5727643370628357,133,gemma26,C4,0.716423749923706,0.4770957827568054,0.03807478277848287,stop
RIVE-0001193125-21-077350,0.16262975778546712,0.038128249566724434,0.07785467128027682,0.570523202419281,118,gemma26,C5,0.7323915362358093,0.46725380420684814,0.042015640557495515,stop
FBRX-0001564590-21-013249,0.402,0.15631262525050096,0.19000000000000003,0.6667860150337219,269,gemma26,C1,0.7610058784484863,0.5933264493942261,0.17508225120216736,stop
FBRX-0001564590-21-013249,0.38574423480083847,0.20798319327731093,0.2431865828092243,0.6740134358406067,208,gemma26,C1t,0.8004677295684814,0.5820618867874146,0.18345590355221061,stop
FBRX-0001564590-21-013249,0.2880658436213992,0.07835051546391752,0.13580246913580246,0.6111510396003723,231,gemma26,C2,0.7568895220756531,0.512474536895752,0.11291176155314993,stop
FBRX-0001564590-21-013249,0.2739130434782609,0.07625272331154684,0.14347826086956522,0.619797945022583,196,gemma26,C3,0.7640635371208191,0.5213584303855896,0.09680144045574265,stop
FBRX-0001564590-21-013249,0.21320973348783312,0.07200929152148665,0.11587485515643106,0.6077086329460144,138,gemma26,C4,0.7655260562896729,0.503839373588562,0.07625576713792143,stop
FBRX-0001564590-21-013249,0.38468550592525064,0.12785388127853883,0.15314494074749316,0.647983193397522,354,gemma26,C5,0.727009654045105,0.584452748298645,0.16647675530961367,stop
DSL-0001072613-05-000757,0.12556869881710647,0.04740200546946217,0.08371246587807096,0.6139840483665466,103,gemma26,C1,0.7259148359298706,0.5319597721099854,0.04333426765089646,stop
DSL-0001072613-05-000757,0.13681368136813685,0.04869251577998197,0.08820882088208822,0.6126657128334045,114,gemma26,C1t,0.7142494320869446,0.5363794565200806,0.046690599180591034,stop
DSL-0001072613-05-000757,0.14551907719609583,0.049777777777777775,0.08695652173913043,0.6137183904647827,131,gemma26,C2,0.7035888433456421,0.5442062020301819,0.05050538961396478,stop
DSL-0001072613-05-000757,0.16120460584588128,0.05323868677905945,0.10097431355181577,0.6255596280097961,126,gemma26,C3,0.742874264717102,0.5402442812919617,0.058679980641069746,stop
DSL-0001072613-05-000757,0.1282746160794941,0.04524886877828054,0.07588075880758809,0.6113805770874023,111,gemma26,C4,0.7132114171981812,0.5349950194358826,0.046172577880275505,stop
DSL-0001072613-05-000757,0.1438721136767318,0.0498220640569395,0.08703374777975133,0.5877721309661865,123,gemma26,C5,0.674601137638092,0.520746111869812,0.05050048332004465,stop
AEE-0001002910-21-000065,0.36326530612244895,0.1212534059945504,0.1578231292517007,0.7004259824752808,463,gemma26,C1,0.7622361779212952,0.6478883028030396,0.15851778709385528,stop
AEE-0001002910-21-000065,0.031007751937984492,0.003883495145631068,0.01744186046511628,0.40236738324165344,20,gemma26,C1t,0.6136243343353271,0.29931873083114624,0.01142035728070027,stop
AEE-0001002910-21-000065,0.1573352232459249,0.0099361249112846,0.09922041105598868,0.554113507270813,386,gemma26,C2,0.672856330871582,0.47099441289901733,0.08086005696958559,stop
AEE-0001002910-21-000065,0.21974758723088347,0.007434944237918216,0.12175204157386785,0.5624585151672363,319,gemma26,C3,0.6603802442550659,0.48982664942741394,0.084871690258595,stop
AEE-0001002910-21-000065,0.19280795715378732,0.01532567049808429,0.11935730680948736,0.5549705624580383,283,gemma26,C4,0.6852847337722778,0.46629881858825684,0.06570577618360464,stop
AEE-0001002910-21-000065,0.19878603945371778,0.016717325227963525,0.12139605462822459,0.5555515289306641,294,gemma26,C5,0.6846625804901123,0.46740931272506714,0.0688749719242055,stop
CSV-0001016281-21-000071,0.5518518518518519,0.3042671614100185,0.31851851851851853,0.7480592727661133,400,gemma26,C1,0.78603595495224,0.71358323097229,0.3031671186719263,stop
CSV-0001016281-21-000071,0.4171539961013645,0.16015624999999997,0.20857699805068225,0.6995077729225159,349,gemma26,C1t,0.7056974172592163,0.6934257745742798,0.20366710951498385,stop
CSV-0001016281-21-000071,0.36483516483516487,0.0881057268722467,0.15824175824175823,0.6244041323661804,234,gemma26,C2,0.7281407117843628,0.546539843082428,0.11740095217226407,stop
CSV-0001016281-21-000071,0.3017142857142857,0.08705612829324169,0.15085714285714286,0.5944940447807312,213,gemma26,C3,0.635464072227478,0.5584869980812073,0.12831349372756146,stop
CSV-0001016281-21-000071,0.3732162458836444,0.12101210121012103,0.1866081229418222,0.6259956359863281,240,gemma26,C4,0.6968711614608765,0.5682060718536377,0.149576207002438,stop
CSV-0001016281-21-000071,0.33673469387755106,0.09406952965235175,0.1326530612244898,0.6007248163223267,284,gemma26,C5,0.657397985458374,0.5530474781990051,0.1508173473436198,stop
BOXL-0001493152-21-007447,0.43157894736842106,0.12349397590361445,0.19398496240601504,0.6620520353317261,435,gemma26,C1,0.717251181602478,0.6147419214248657,0.172583282855826,stop
BOXL-0001493152-21-007447,0.4937062937062937,0.17507002801120447,0.18741258741258743,0.6701703667640686,543,gemma26,C1t,0.7096328735351562,0.6348656415939331,0.242575045186455,stop
BOXL-0001493152-21-007447,0.29058295964125563,0.10601976639712489,0.14349775784753363,0.6058005094528198,239,gemma26,C2,0.6858060359954834,0.5425115823745728,0.11130450372485592,stop
BOXL-0001493152-21-007447,0.2798573975044563,0.07678571428571429,0.13012477718360071,0.5914015769958496,248,gemma26,C3,0.6736360788345337,0.5270603895187378,0.11110683164113298,stop
BOXL-0001493152-21-007447,0.34359805510534847,0.0827922077922078,0.15235008103727715,0.6123628616333008,340,gemma26,C4,0.6819780468940735,0.5556436777114868,0.13327848045782367,stop
BOXL-0001493152-21-007447,0.324729392173189,0.09841534612176815,0.1482098251457119,0.6117575764656067,323,gemma26,C5,0.6800642013549805,0.5559201240539551,0.13932575223592913,stop
